-- phpMyAdmin SQL Dump
-- version 5.1.1
-- https://www.phpmyadmin.net/
--
-- Hôte : 127.0.0.1:3306
-- Généré le : lun. 06 avr. 2026 à 16:00
-- Version du serveur : 5.7.36
-- Version de PHP : 7.4.26

SET SQL_MODE = "NO_AUTO_VALUE_ON_ZERO";
START TRANSACTION;
SET time_zone = "+00:00";


/*!40101 SET @OLD_CHARACTER_SET_CLIENT=@@CHARACTER_SET_CLIENT */;
/*!40101 SET @OLD_CHARACTER_SET_RESULTS=@@CHARACTER_SET_RESULTS */;
/*!40101 SET @OLD_COLLATION_CONNECTION=@@COLLATION_CONNECTION */;
/*!40101 SET NAMES utf8mb4 */;

--
-- Base de données : `babouledb`
--

-- --------------------------------------------------------

--
-- Structure de la table `authors`
--

DROP TABLE IF EXISTS `authors`;
CREATE TABLE IF NOT EXISTS `authors` (
  `auth_id` int(11) NOT NULL AUTO_INCREMENT,
  `auth_fname` varchar(45) COLLATE utf8mb4_unicode_ci NOT NULL,
  `auth_lname` varchar(45) COLLATE utf8mb4_unicode_ci NOT NULL,
  PRIMARY KEY (`auth_id`),
  UNIQUE KEY `IDX_AUTHORS` (`auth_lname`,`auth_fname`) USING BTREE
) ENGINE=InnoDB AUTO_INCREMENT=1721 DEFAULT CHARSET=utf8mb4 COLLATE=utf8mb4_unicode_ci;

--
-- Déchargement des données de la table `authors`
--

INSERT INTO `authors` (`auth_id`, `auth_fname`, `auth_lname`) VALUES
(1201, 'James', 'A.MICHENER'),
(847, 'Livre de poche', 'ABBÉ PREVOST'),
(563, 'Jacques', 'ABOUCHAR'),
(1402, 'Chantel', 'ACEVEDO'),
(1466, 'Elliot', 'ACKERMAN'),
(1701, 'Pierre', 'ACRIAN'),
(38, 'Olivier', 'ADAM'),
(661, 'Guy', 'ADAMIK'),
(127, 'Carl', 'ADERHOLD'),
(922, 'Livre de poche', 'ALAIN-FOURNIER'),
(211, 'Nelly', 'ALARD'),
(1111, 'Michel', 'ALBERT'),
(306, 'Mitch', 'ALBOM'),
(1610, 'Nina', 'ALLAN'),
(798, 'Claude', 'ALLEGRE'),
(423, 'Catherine', 'ALLEGRET'),
(530, 'Isabel', 'ALLENDE'),
(369, 'Isabelle', 'ALLENDE'),
(1669, 'Ahmet', 'ALTAN'),
(236, 'Maxine', 'ALTERIO'),
(1037, 'Djaïli amadou', 'AMAL'),
(590, 'Jacques-pierre', 'AMETTE'),
(553, 'Henri', 'AMOUROUX'),
(101, 'Tahmima', 'ANAM'),
(1662, 'Jean-baptiste', 'ANDREA'),
(232, 'Maria angels', 'ANGLADA'),
(57, 'Christine', 'ANGOT'),
(1523, 'Sofia', 'AOUINE'),
(561, 'Yann', 'APPERRY'),
(313, 'Guillaume', 'APPOLINAIRE'),
(310, 'Louis', 'ARAGON'),
(1450, 'Fernando', 'ARAMBURU'),
(1693, 'Gérard', 'ARAUD'),
(37, 'Jeffrey', 'ARCHER'),
(1709, 'Serge', 'ARCHUA'),
(1663, 'Hannah', 'ARENDT'),
(1653, 'Fabrice', 'ARFI'),
(1609, 'Hiro', 'ARIKAWA'),
(888, 'Livre de poche', 'ARISTOTE'),
(747, 'Christine', 'ARNOTHY'),
(1676, 'Cristine', 'ARNOTHY'),
(1655, 'Matthieu/caroloine', 'ARON/MICHEL-AGUIRRE'),
(937, 'Daniel', 'ARSAND'),
(601, 'Vladimir', 'ARSENIEV'),
(384, 'Jacques', 'ATTALI'),
(243, 'Florence', 'AUBENAS'),
(821, 'Philippe', 'AUBERT'),
(85, 'Nan', 'AUROUSSEAU'),
(70, 'Paul', 'AUSTER'),
(1675, '10 nouvelles', 'AUTEURS AMÉRICAINS'),
(179, 'Clélie', 'AVIT'),
(468, 'Nicole', 'AVRIL'),
(589, 'Nathalie', 'AZOULAI'),
(110, 'Salim', 'BACHI'),
(1654, 'Raphaëlle/vanessa', 'BACQUE/SCHNEIDER'),
(990, 'Elisabeth', 'BADINTER'),
(1494, 'Robert', 'BADINTER'),
(833, 'André', 'BALLAND'),
(235, 'Lisa', 'BALLANTYNE'),
(425, 'Jg', 'BALLARD'),
(342, 'Honoré', 'BALZAC'),
(1028, 'Honoré de', 'BALZAC'),
(671, 'Bette', 'BAO LORD'),
(634, 'Paul', 'BARBERAN'),
(1321, 'Alessandro', 'BARICCO'),
(360, 'René-victor', 'BARJAVEL'),
(496, 'Julian', 'BARNES'),
(1019, 'Aurélien', 'BARRAU'),
(428, 'Jean-michel', 'BARRAULT'),
(554, 'Eduardo', 'BARRIOS'),
(237, 'Olivier', 'BARROT'),
(336, 'Rick', 'BASS'),
(920, 'Charles', 'BAUDELAIRE'),
(1103, 'M.a', 'BAUDOUY'),
(53, 'Jon', 'BAUER'),
(1638, 'Emmanuelle', 'BAYAMACK-TAM'),
(867, 'Hervé', 'BAZIN'),
(1141, 'Maurice', 'BEAUCAIRE'),
(1069, 'Baptiste', 'BEAULIEU'),
(1365, 'Simone et jean', 'BEAUVOIR'),
(942, 'Karol et cédric', 'BEFFA ET VILLANI'),
(114, 'François', 'BEGAUDEAU'),
(1698, 'Aurélien', 'BELLANGER'),
(1213, 'Pierre/jacques', 'BELLEMARE/ANTOINE'),
(716, 'Tahar', 'BEN JELLOUN'),
(1447, 'Samuel', 'BENCHETRIT'),
(1416, 'Mélanie', 'BENJAMIN'),
(794, 'Soly', 'BENSABAT'),
(472, 'Nina', 'BERBEROVA'),
(408, 'Alain', 'BERENBOOM'),
(1005, 'Anne et claire', 'BEREST'),
(1058, 'Claire', 'BEREST'),
(1195, 'Yves', 'BERGER'),
(897, 'Gf', 'BERGSON'),
(612, 'Christian', 'BERNADAC'),
(1341, 'Georges', 'BERNANOS'),
(1263, 'Philippe', 'BERNERT'),
(810, 'Emmanuèle', 'BERNHEIM'),
(1188, 'Jean-françois', 'BERNIES'),
(94, 'Patrick', 'BESSON'),
(103, 'Philippe', 'BESSON'),
(308, 'Bruno', 'BETTELHEIM'),
(476, 'Hector', 'BIANCOTTI'),
(641, 'Daniel', 'BILALIAN'),
(475, 'Raphaele', 'BILLETDOUX'),
(332, 'Ketil', 'BJORNSTAD'),
(147, 'Marthe', 'BLAU'),
(1255, 'Marcel', 'BLEUSTEIN-BLANCHET'),
(319, 'Jean-philippe', 'BLONDEL'),
(1353, 'Antoine', 'BLONDIN'),
(1107, 'Lucien', 'BODARD'),
(573, 'Philippe', 'BOEGNER'),
(219, 'Shani', 'BOIANJIU'),
(886, 'Janine', 'BOISSARD'),
(1390, 'Christophe', 'BOLTANSKI'),
(1097, 'Dominique', 'BONA'),
(1699, 'Miguel', 'BONNEFOY'),
(816, 'Alain', 'BOSQUET'),
(367, 'Pierre', 'BOULLE'),
(1615, 'François', 'BOULO'),
(238, 'Clémence', 'BOULOUQUE'),
(115, 'Nina', 'BOURAOUI'),
(1186, 'Jacques-marie/yvan', 'BOURGET/STEFANOVITCH'),
(579, 'Jeanne', 'BOURIN'),
(1277, 'Jean', 'BOUTRON'),
(1149, 'Philippe', 'BOUVARD'),
(1123, 'Nicolas', 'BOUVIER'),
(1007, 'Nicolas et julia', 'BOUZOU ET DE FUNES'),
(176, 'William', 'BOYD'),
(116, 'Joseph', 'BOYDEN'),
(550, 'Tc', 'BOYLE'),
(1317, 'John', 'BOYNE'),
(1018, 'Juan', 'BRANCO'),
(445, 'Nicolas', 'BREHAL'),
(664, 'Thierry/denis', 'BRETON/BENECH'),
(377, 'Geneviève', 'BRISAC'),
(1554, 'Gerald', 'BRONNER'),
(528, 'Géraldine', 'BROOKS'),
(1132, 'Alain', 'BROSSAT'),
(372, 'Pascal', 'BRUCKNER'),
(1596, 'Sylvie', 'BRUNEL'),
(783, 'Pearl', 'BUCK'),
(1198, 'John', 'BURNHAM SCHWARTZ'),
(363, 'Dino', 'BUZZATI'),
(562, 'Ines', 'CAGNATI'),
(520, 'Philippe', 'CALONI'),
(1075, 'Yves', 'CANNAC'),
(175, 'Fiona', 'CAPP'),
(135, 'Gianrico', 'CAROFIGLIO'),
(86, 'Emmanuel', 'CARRERE'),
(1682, 'Jean', 'CARRÈRE'),
(522, 'Hélène', 'CARRERE D\'ENCOSSE'),
(1226, 'Raymond', 'CARTIER'),
(1618, 'Victor', 'CASTANET'),
(1071, 'André', 'CASTELOT'),
(725, 'Jean', 'CATHALA'),
(73, 'Patrick', 'CAUVIN'),
(544, 'Javier', 'CERCAS'),
(1244, 'Gilbert', 'CESBRON'),
(393, 'Jean-pierre', 'CHABROL'),
(1691, 'Eric', 'CHACOUR'),
(517, 'Sorj', 'CHALANDON'),
(854, 'Livre de poche', 'CHAMISO'),
(484, 'Patrick', 'CHAMOISEAU'),
(1352, 'André', 'CHAMSON'),
(108, 'Françoise', 'CHANDERNAGOR'),
(370, 'Madeleine', 'CHAPSAL'),
(1484, 'Pierre', 'CHARRAS'),
(1275, 'Robert', 'CHARROUX'),
(1054, 'Maxime', 'CHATTAM'),
(655, 'Geneviève', 'CHAUVEL'),
(1459, 'Claire', 'CHAZAL'),
(880, 'Nien', 'CHENG'),
(111, 'Tracy', 'CHEVALIER'),
(324, 'Michael', 'CHICHTON'),
(302, 'Winston', 'CHURCHILL'),
(1175, 'Nicole', 'CIRAVEGNA'),
(568, 'Tom', 'CLANCY'),
(34, 'Philippe', 'CLAUDEL'),
(470, 'Bernard', 'CLAVEL'),
(1204, 'James', 'CLAVELL'),
(279, 'Catherine', 'CLEMENT'),
(909, 'Pierre', 'CLOSTERMANN'),
(807, 'Claude michel', 'CLUNY'),
(25, 'Harlan', 'COBEN'),
(752, 'Jean', 'COCTEAU'),
(81, 'Paulo', 'COEHLO'),
(605, 'Paulo', 'COELHO'),
(1616, 'Sophie', 'COIGNARD'),
(581, 'Larry', 'COLLINS'),
(1652, 'Laeticia', 'COLOMBANI'),
(434, 'Robert', 'COLONNA D\'ISTRIA'),
(744, 'Pierre', 'COMBESCOT'),
(718, 'Georges', 'CONCHON'),
(1687, 'Maryse', 'CONDE'),
(161, 'Michael', 'CONNELLY'),
(1366, 'Pat', 'CONROY'),
(1454, 'Paule', 'CONSTANT'),
(125, 'Arthur', 'CONTE'),
(1448, 'Jean', 'CONTRUCCI'),
(855, 'Robin', 'COOK'),
(1076, 'Jean-marie/jean-yves', 'COOLOMNANI/LHOMEAU'),
(381, 'Stephen', 'COONTS'),
(1283, 'Fanny', 'CORNUAULT'),
(1266, 'Roger', 'COUDERC'),
(1096, 'Georges', 'COULONGES'),
(1231, 'Henri', 'COULONGES'),
(583, 'Claude', 'COURCHAY'),
(904, 'John', 'COWPER POWYS'),
(865, 'Aj', 'CRONIN'),
(414, 'Michael', 'CUNNINGHAM'),
(1636, 'Rachel', 'CUSK'),
(202, 'Catherine', 'CUSSET'),
(1104, 'Clive', 'CUSSLER'),
(439, 'Jean', 'D\'ORMESSON'),
(1063, 'Giuliano', 'DA EMPOLI'),
(1023, 'Didier', 'DAENINCKX'),
(1509, 'Géraldine', 'DALBAN - MOREYNAS'),
(1703, 'Kamel', 'DAOUD'),
(289, 'Marie', 'DARRIEUSSECQ'),
(925, 'Alphonse', 'DAUDET'),
(706, 'Nicole', 'DE BURON'),
(403, 'Michel', 'DE CASTILLO'),
(398, 'Eve', 'DE CASTRO'),
(519, 'François', 'DE CLOSETS'),
(1218, 'Françoise', 'DE CLOSETS'),
(1264, 'Jean-charles', 'DE FONTBRUNE'),
(1009, 'Julia', 'DE FUNES'),
(722, 'Michel', 'DE GRECE'),
(283, 'Stéphane', 'DE GROODT'),
(1591, 'Dominique', 'DE LA MOTTE'),
(1637, 'Olivia', 'DE LAMBERTERIE'),
(210, 'Erri', 'DE LUCA'),
(359, 'Guy', 'DE MAUPASSANT'),
(542, 'Hélène', 'DE MONAGHAN'),
(1135, 'Jp /bernard', 'DE MONDENARD/CHEVALIER'),
(1681, 'Caroline', 'DE MULDER'),
(1155, 'Fabrice/christophe', 'DE RAISSAC/ROGER-VASSELIN'),
(371, 'Charles edouard', 'DE RASTAGNAC'),
(62, 'Léonor', 'DE RECONDO'),
(1073, 'Christine', 'DE RIVOYRE'),
(189, 'Jacqueline', 'DE ROMILLY'),
(67, 'Tatiana', 'DE ROSNAY'),
(1325, 'Alix', 'DE SAINT ANDRÉ'),
(64, 'Catherine', 'DE SAINT PHALLE'),
(1720, 'Michel', 'DE SAINT PIERRE'),
(186, 'Delphine', 'DE VIGAN'),
(1183, 'Pierre', 'DEBRAY-RITZEN'),
(1194, 'Michel', 'DEBRE'),
(1203, 'Alain', 'DECAUX'),
(964, 'Didier', 'DECOIN'),
(495, 'Régine', 'DEFORGES'),
(1600, 'Jean-baptiste', 'DEL AMO'),
(1373, 'Victor', 'DEL ARBOL'),
(117, 'Michel', 'DEL CASTILLO'),
(320, 'Coderlos', 'DELACLOS'),
(65, 'Grégoire', 'DELACOURT'),
(1247, 'Jacques', 'DELARUE'),
(288, 'Chloe', 'DELAUME'),
(256, 'Charlotte', 'DELBO'),
(153, 'Philippe', 'DELERM'),
(535, 'Roger', 'DELPEY'),
(1121, 'Joseph', 'DELTEIL'),
(672, 'Jean-françois', 'DENIAU'),
(345, 'Pascal', 'DENOS'),
(1147, 'Maurice', 'DENUZIERE'),
(1112, 'Michel', 'DEON'),
(567, 'Jacques/jean-marie', 'DEROGY/PONTAUT'),
(141, 'Alexandre et thomas', 'DES ISNARDS ET ZUBER'),
(241, 'Kiran', 'DESAI'),
(734, 'Agnes', 'DESARTHE'),
(1641, 'François-henri', 'DESERABLE'),
(1047, 'Virginie', 'DESPENTES'),
(539, 'Jean-pierre/ marie-claude', 'DESPIN/BARTHOLY'),
(348, 'Pierre', 'DESPROGES'),
(827, 'Christiane', 'DESROCHES NOBLECOURT'),
(54, 'Patrick', 'DEVILLE'),
(1633, 'Hélène', 'DEVYNCK'),
(1475, 'Luca', 'DI FULVIO'),
(1534, 'Andrea', 'DI ROBILANT'),
(270, 'Joël', 'DICKER'),
(1708, 'Nicolas', 'DICKNER'),
(1032, 'Denis', 'DIDEROT'),
(940, 'Jean-paul', 'DIDIERLAURENT'),
(1330, 'Joan', 'DIDION'),
(1474, 'Adeline', 'DIUDONNE'),
(1044, 'David', 'DJAÏZ'),
(107, 'Philippe', 'DJIAN'),
(1254, 'Alexander', 'DONAT'),
(777, 'Françoise', 'DORIN'),
(389, 'Geneviève', 'DORMANN'),
(1211, 'Jacques/jean-noël', 'DROGY/GURGAND'),
(1346, 'Daphné', 'DU MAURIER'),
(500, 'Albert et nicole', 'DU ROY'),
(617, 'Jean-paul', 'DUBOIS'),
(1136, 'Noëlle/stéphane', 'DUCK/PEYRON'),
(626, 'Albert', 'DUCROCQ'),
(1588, 'Maria', 'DUENAS'),
(1543, 'David', 'DUFRESNE'),
(1050, 'Marc', 'DUGAIN'),
(1252, 'Alain/anne', 'DUGRAND/VALLAEYS'),
(646, 'Jérôme', 'DUHAMEL'),
(1342, 'Alexandre', 'DUMAS'),
(1593, 'Clara', 'DUPONT-MONOD'),
(547, 'Marguerite', 'DURAS'),
(1414, 'Marc', 'DURIN-VALOIS'),
(29, 'Lionel', 'DUROY'),
(558, 'Jean', 'DUTOURD'),
(257, 'Jean', 'ECHENOZ'),
(1303, 'Christian-louis', 'ECLIMONT'),
(656, 'Umberto', 'ECO'),
(51, 'Jennifer', 'EGAN'),
(152, 'Joël', 'EGLOFF'),
(162, 'Susan', 'ELDERKIN'),
(309, 'Paul', 'ELUARD'),
(129, 'Mathias', 'ENARD'),
(1376, 'Anna', 'ENQUIST'),
(812, 'Jean-paul', 'ENTHOVEN'),
(453, 'Annie', 'ERNAUX'),
(903, 'Gf', 'ESCHYLE'),
(1087, 'Jean-luois', 'ETIENNE'),
(1243, 'Evguéni', 'EVTOUCHENKO'),
(167, 'Jean-louis', 'EZINE'),
(697, 'Frédéric h.', 'FAJARDIE'),
(61, 'René', 'FALLET'),
(1158, 'Jean', 'FAUCHART'),
(1313, 'Eric', 'FAYE'),
(1405, 'Gaël', 'FAYE'),
(1409, 'Elena', 'FERRANTE'),
(577, 'Marie', 'FERRANTI'),
(45, 'Jérôme', 'FERRARI'),
(1253, 'Max', 'FERRE'),
(33, 'Luc', 'FERRY'),
(201, 'Caryl', 'FERYE'),
(499, 'Jean-jacques', 'FIECHTER'),
(1660, 'Alain', 'FINKIELKRAUT'),
(480, 'Michèle', 'FITOUSSI'),
(191, 'Christine', 'FIZSCHER'),
(1027, 'Gustave', 'FLAUBERT'),
(1550, 'Cynthia', 'FLEURY'),
(220, 'Kjartan', 'FLOGSTAD'),
(1339, 'David', 'FOENKINNOS'),
(213, 'David', 'FOENKINOS'),
(1384, 'Ken', 'FOLLETT'),
(36, 'Susan', 'FORWARD'),
(1444, 'Eric', 'FOTTORINO'),
(173, 'Lorraine', 'FOUCHET'),
(42, 'Jean-louis', 'FOURNIER'),
(1566, 'Jérôme', 'FOURQUET'),
(373, 'Irène', 'FRAIN'),
(1057, 'Nicolas', 'FRAMONT'),
(1001, 'Patrice', 'FRANCESCHI'),
(449, 'Dan', 'FRANCK'),
(933, 'Anne', 'FRANK'),
(166, 'José', 'FRECHES'),
(1435, 'Françoise', 'FRENKEL'),
(346, 'Jacques', 'FRICKER'),
(455, 'Roger', 'FRISON ROCHE'),
(822, 'Lionel', 'FROISSART'),
(318, 'Peter', 'FROMM'),
(1101, 'Marie', 'GAGARINE'),
(1109, 'Robert', 'GAILLARD'),
(26, 'Claudie', 'GALLAY'),
(390, 'Max', 'GALLO'),
(355, 'Maxine', 'GALLO'),
(1260, 'Pierre', 'GALLOIS'),
(726, 'Anne-marie', 'GARAT'),
(140, 'Tristan', 'GARCIA'),
(415, 'Gabriel', 'GARCIA MARQUEZ'),
(1196, 'Louis', 'GARDEL'),
(30, 'Laurent', 'GAUDE'),
(1381, 'Pascale', 'GAUTIER'),
(875, 'Théophile', 'GAUTIER'),
(79, 'Anna', 'GAVALDA'),
(613, 'Heiko', 'GEBHARDT'),
(1298, 'Pauline', 'GEDGE'),
(1077, 'Maurice', 'GENEVOIX'),
(1084, 'Marguerite', 'GENTZBITTEL'),
(174, 'Elisabeth', 'GEORGE'),
(616, 'Elizabeth', 'GEORGE'),
(150, 'Sylvie', 'GERMAIN'),
(1671, 'Hélène', 'GESTERN'),
(996, 'Yasmine', 'GHATA'),
(1040, 'Amitav', 'GHOSH'),
(1170, 'Franz-olivier', 'GIESBERT'),
(640, 'Michel', 'GILLIBERT'),
(513, 'Jean', 'GIONO'),
(628, 'Paolo', 'GIORDANO'),
(970, 'Raphaëlle', 'GIORDANO'),
(1635, 'Brigitte', 'GIRAUD'),
(90, 'Bernard', 'GIRAUDEAU'),
(924, 'Jean', 'GIRAUDOUX'),
(391, 'Françoise', 'GIROUD'),
(467, 'Françoise/bernard-henry', 'GIROUD/LEVY'),
(1522, 'Serena', 'GIULIANO'),
(180, 'Stéphane', 'GLACIER'),
(206, 'Daniel', 'GLATTAUER'),
(1271, 'Dominique', 'GLOCHEUX'),
(392, 'André', 'GLUCKSMANN'),
(660, 'André/thierry', 'GLUCKSMANN/WOLTON'),
(164, 'Arthur', 'GOLDEN'),
(418, 'Agustin', 'GOMEZ-ARCOS'),
(1683, 'Michelle', 'GOOD'),
(891, 'Maxime', 'GORKI'),
(546, 'Mara', 'GOYET'),
(1003, 'David', 'GRAEBER'),
(120, 'Almuneda', 'GRANDES'),
(609, 'Jean-christophe', 'GRANGE'),
(1306, 'Jérôme', 'GRARCIN'),
(738, 'Martin', 'GRAY'),
(1573, 'Camilla', 'GREBE'),
(1436, 'Evita', 'GRECO'),
(216, 'Philippe', 'GRIMBERT'),
(68, 'Martha', 'GRIMES'),
(1004, 'Ida', 'GRINSPAN'),
(1172, 'John', 'GRISHAM'),
(194, 'Jens christian', 'GRONDAHL'),
(1290, 'Alfred', 'GROSSER'),
(1357, 'Benoite et flora', 'GROULT'),
(347, 'Denis', 'GROZDANOVITCH'),
(1520, 'Jean-claude', 'GRUMBERG'),
(231, 'Jean-michel', 'GUENASSIA'),
(59, 'Faïza', 'GUENE'),
(976, 'Thomas', 'GUENOLE'),
(1425, 'Olivier', 'GUEZ'),
(446, 'Hervé', 'GUIBERT'),
(1206, 'Gilbert', 'GUILLEMINAULT'),
(778, 'Mina et andré', 'GUILLOIS'),
(1343, 'Paul', 'GUIMARD'),
(717, 'Martine', 'GUINDOLET CHAPUIS'),
(1445, 'Mahir', 'GUVEN'),
(1449, 'Pierre', 'GUYOTAT'),
(503, 'John', 'HACKETT'),
(1710, 'Sebastian', 'HAFFNER'),
(1537, 'Patricia', 'HAGAN'),
(1453, 'Katharina', 'HAGENA'),
(1525, 'Jennifer', 'HAIGH'),
(1197, 'Arthur', 'HAILEY'),
(831, 'Jean-claude', 'HALLE'),
(407, 'Marek', 'HALTER'),
(190, 'Lotte et soren', 'HAMMER'),
(559, 'Alain/jean-charles', 'HAMON/MARCHAND'),
(615, 'Hervé/patrick', 'HAMON/ROTMAN'),
(246, 'Jean-baptiste', 'HARANG'),
(1421, 'Indrek', 'HARGLA'),
(981, 'Yann', 'HARLAUT'),
(633, 'Lee', 'HARPER'),
(687, 'Jacqueline', 'HARPMAN'),
(1515, 'Jane', 'HARRIS'),
(1396, 'Jim', 'HARRISON'),
(610, 'Thomas', 'HAUSER'),
(1304, 'Paula', 'HAWKINS'),
(618, 'Patricia', 'HEARST'),
(1095, 'Constance', 'HEAVEN'),
(1280, 'Anne', 'HEBERT'),
(1241, 'Frédérique', 'HEBRARD'),
(113, 'Ernest', 'HEMINGWAY'),
(1331, 'Brigitte', 'HEMMERLIN'),
(429, 'Frank', 'HERBERT'),
(1160, 'Catherine', 'HERMARY-VIEILLE'),
(887, 'Michael', 'HERR'),
(44, 'Stéphane', 'HESSEL'),
(1399, 'Dalila', 'HEUSE'),
(737, 'Mary', 'HIGGINS CLARK'),
(410, 'Patricia', 'HIGHSMITH'),
(1495, 'Jake', 'HINKSON'),
(212, 'Stééphane', 'HOFFMANN'),
(1664, 'Delphine', 'HORVILLER'),
(340, 'Khaled', 'HOSSEINI'),
(1240, 'Marcelin', 'HOUBART'),
(48, 'Michel', 'HOUELLEBECQ'),
(1351, 'Jean', 'HOUGRON'),
(669, 'Christopher', 'HUDSON'),
(358, 'Victor', 'HUGO'),
(1465, 'Violaine', 'HUISMAN'),
(1370, 'Fanny', 'HURST'),
(98, 'Nancy', 'HUSTON'),
(368, 'Aldous', 'HUXLEY'),
(356, 'Georges', 'HYVERNAUD'),
(1116, 'Roger', 'IKOR'),
(158, 'Arnnaldur', 'INDRIDASON'),
(49, 'John', 'IRVING'),
(1315, 'Rabee', 'JABER'),
(277, 'Ingeborg', 'JACOBS'),
(420, 'Christian', 'JACQ'),
(438, 'Roland', 'JACQUARD'),
(1429, 'Philippe', 'JAENADA'),
(1070, 'Jean', 'JAMET'),
(253, 'Nicole/marie-anne', 'JAMET/LE PEZENNEC'),
(488, 'Sébastien', 'JAPRISOT'),
(47, 'Alexandre', 'JARDIN'),
(148, 'Régis', 'JAUFFRET'),
(260, 'Alexis', 'JENNI'),
(653, 'Michel', 'JEURY'),
(1354, 'Joseph', 'JOFFO'),
(504, 'Laurent', 'JOFFRIN'),
(82, 'Craig', 'JOHNSON'),
(953, 'Serge', 'JONCOUR'),
(819, 'Edward p.', 'JONES'),
(743, 'Michel', 'JOUVET'),
(1716, 'Rachel', 'JOYCE'),
(1336, 'Anne-dauphine', 'JULLIAND'),
(1090, 'Alain', 'JUPPE'),
(1556, 'Axel', 'KAHN'),
(1700, 'Samah', 'KARAKI'),
(133, 'Gastn', 'KELMAN'),
(1378, 'Edward', 'KELSEY MOORE'),
(160, 'Percy', 'KEMP'),
(78, 'Douglas', 'KENNEDY'),
(1483, 'Gouglas', 'KENNEDY'),
(228, 'Antonia', 'KERR'),
(1249, 'Joseph', 'KESSEL'),
(91, 'Yasmina', 'KHADRA'),
(1356, 'John', 'KNITTEL'),
(1688, 'Gaspard', 'KOENIG'),
(515, 'Arthur', 'KOESTLER'),
(1504, 'Ginette', 'KOLINKA'),
(1041, 'Camille', 'KOUCHNER'),
(1045, 'Andreï', 'KOURKOV'),
(1177, 'Birthe', 'KOUSTRUP'),
(112, 'Clara', 'KRAMER'),
(215, 'Isabelle', 'KREIDI'),
(436, 'Julia', 'KRISTEVA'),
(441, 'Milan', 'KUNDERA'),
(35, 'Nathalie', 'KUPERMAN'),
(899, 'Jean', 'LA FONTAINE'),
(244, 'Philippe', 'LABRO'),
(461, 'Ysabelle', 'LACAMP'),
(1239, 'André', 'LACAZE'),
(23, 'Camilla', 'LÄCKBERG'),
(1088, 'Simone et jean', 'LACOUTURE'),
(1569, 'Alexandre', 'LACROIX'),
(668, 'Paul-alexis', 'LADAME'),
(1552, 'Marie-hélène', 'LAFON'),
(604, 'Caroline', 'LAMARCHE'),
(1312, 'Karine', 'LAMBERT'),
(803, 'Marc', 'LAMBRON'),
(1016, 'Philippe', 'LANCON'),
(204, 'Claude', 'LANZMANN'),
(458, 'Jacques', 'LANZMANN'),
(39, 'Patrick', 'LAPEYRE'),
(397, 'Alexandra', 'LAPIERRE'),
(374, 'Dominique', 'LAPIERRE'),
(1677, 'Gilles', 'LAPOUGE'),
(1468, 'Arthur', 'LARRUE'),
(122, 'Stieg', 'LARSSON'),
(63, 'Agnès', 'LARTIN-LUGAND'),
(456, 'Georges', 'LATOUR'),
(1606, 'Camille', 'LAURENS'),
(1150, 'Ronald', 'LAVALLEE'),
(523, 'Alain', 'LAVILLE'),
(1524, 'Linda', 'LÊ'),
(435, 'John', 'LE CARRE'),
(388, 'Jmg', 'LE CLEZIO'),
(791, 'Marie', 'LE DRIAN'),
(1120, 'André', 'LE GAL'),
(126, 'Gérard', 'LE QUANG'),
(932, 'Eugène', 'LE ROY'),
(1549, 'Hervé', 'LE TELLIER'),
(250, 'Luis', 'LEANTE'),
(863, 'Maurice', 'LEBLANC'),
(89, 'Patrice', 'LECONTE'),
(285, 'Pierre', 'LEMAITRE'),
(712, 'Pierre', 'LEPROHON'),
(95, 'Gilles', 'LEROY'),
(104, 'Primo', 'LEVI'),
(622, 'Justine', 'LEVY'),
(155, 'Marc', 'LEVY'),
(121, 'Charles', 'LEWINSKY'),
(840, 'Roy', 'LEWIS'),
(1130, 'Jean-claude', 'LIBOUREL'),
(187, 'Mathieu', 'LINDON'),
(1216, 'Raymond', 'LINDON'),
(84, 'Jonathan', 'LITTELL'),
(979, 'Pierre-marie', 'LLEDO'),
(745, 'David', 'LODGE'),
(298, 'Peter', 'LONGERICH'),
(936, 'Edouard', 'LOUIS'),
(690, 'Alison', 'LURIE'),
(683, 'Amin', 'MAALOUF'),
(71, 'Corinne', 'MAIER'),
(1256, 'Antonine', 'MAILLET'),
(1490, 'Charif', 'MAJDALANI'),
(451, 'Andreï', 'MAKINE'),
(1511, 'Rebecca', 'MAKKAI'),
(719, 'Jean', 'MALAURIE'),
(1060, 'Richard', 'MALKA'),
(1059, 'Richard/georges', 'MALKA / KIEJMAN'),
(1215, 'François', 'MALLET-JORRIS'),
(1169, 'Françoise', 'MALLET-JORRIS'),
(870, 'Hector', 'MALOT'),
(512, 'André', 'MALRAUX'),
(715, 'Clara', 'MALRAUX'),
(378, 'Eduardo', 'MANET'),
(208, 'Henning', 'MANKELL'),
(913, 'Thomas', 'MANN'),
(1012, 'Valérie', 'MANTEAU'),
(1529, 'Eric', 'MARCHAL'),
(533, 'Francesca', 'MARCIANO'),
(1391, 'Héléna', 'MARIENSKE'),
(182, 'Gf flammarion', 'MARIVAUX'),
(977, 'Serge', 'MARQUIS'),
(835, 'Manuel m.', 'MARTIN'),
(698, 'Carmen', 'MARTIN GAITÉ'),
(629, 'Gilles', 'MARTIN-CHAUFFIER'),
(966, 'Agnès', 'MARTIN-LUGAND'),
(32, 'Carole', 'MARTINEZ'),
(556, 'Maurice t.', 'MASCHINO'),
(598, 'Daniel', 'MASON'),
(1457, 'Stéfano', 'MASSINI'),
(1013, 'Nicolas', 'MATHIEU'),
(460, 'Robert', 'MATTHIEU'),
(1477, 'Laurent', 'MAUDUIT'),
(493, 'Roger', 'MAUGE'),
(1128, 'Didier', 'MAUPAS'),
(911, 'Guy', 'MAUPASSANT'),
(839, 'François', 'MAURIAC'),
(1129, 'Frances', 'MAYES'),
(60, 'Danièle', 'MAZET-DELPEUCH'),
(193, 'Katarina', 'MAZETTI'),
(272, 'Colum', 'MC CANN'),
(623, 'Elizabeth', 'MC CRACKEN'),
(409, 'Colleen', 'MC CULLOUGH'),
(1383, 'Tamara', 'MC KINLEY'),
(1220, 'Tom', 'MC NAB'),
(386, 'Eduardo', 'MENDOZA'),
(1308, 'Mathieu', 'MENEGAUX'),
(915, 'Prosper', 'MÉRIMÉE'),
(416, 'Robert', 'MERLE'),
(1649, 'Guillaume', 'MEURICE'),
(756, 'Léonora', 'MIANO'),
(787, 'Pierre', 'MICHEL'),
(1102, 'Claude', 'MICHELET'),
(1540, 'Jean-pierre', 'MILOVANOFF'),
(1067, 'Delphine', 'MINOUI'),
(647, 'Pierre', 'MIQUEL'),
(492, 'François', 'MITTERRAND'),
(172, 'Frédéric', 'MITTERRAND'),
(450, 'François/elis', 'MITTERRAND/WIESEL'),
(1563, 'Akira', 'MIZUBAYASHI'),
(811, 'Patrick', 'MODIANO'),
(1272, 'Michel', 'MOHRT'),
(21, 'Yann', 'MOIX'),
(921, 'Livre de poche', 'MOLIÈRE'),
(1344, 'Thyde', 'MONNIER'),
(645, 'Jean', 'MONTALDO'),
(1456, 'Marta', 'MORAZZONO'),
(1221, 'Francis', 'MORE'),
(1110, 'Gérald', 'MOREAU'),
(1595, 'François', 'MOREL'),
(1594, 'Edgar', 'MORIN'),
(1051, 'Heather', 'MORRIS'),
(1219, 'Fréderic', 'MORTON'),
(1119, 'Kenize', 'MOURAD'),
(266, 'Scholastique', 'MUKASONGA'),
(1318, 'Haruki', 'MURAKAMI'),
(165, 'Guillaume', 'MUSSO'),
(1140, 'Ilie', 'NASTASE'),
(1400, 'Tobie', 'NATHAN'),
(1185, 'Yves', 'NAVARRE'),
(1074, 'Catherine', 'NAY'),
(196, 'Marie', 'NDIAYE'),
(245, 'Jessica l.', 'NELSON'),
(813, 'Irène', 'NÉMIROVSKY'),
(861, 'Gérard', 'NERVAL'),
(707, 'Eric', 'NEUHOFF'),
(254, 'Tuyet-nga', 'NGUYEN'),
(491, 'John', 'NICHOLS'),
(541, 'Peter', 'NOLL'),
(1715, 'Aslak', 'NORE'),
(50, 'Amélie', 'NOTHOMB'),
(136, 'Carole', 'O\'CONNELL'),
(723, 'Maggie', 'O\'FARRELL'),
(1478, 'Cathy', 'O\'NEIL'),
(28, 'Sofi', 'OKSANEN'),
(555, 'Claude', 'OLIEVENSTEIN'),
(52, 'Véronique', 'OLMI'),
(1472, 'Michel', 'ONFRAY'),
(229, 'Christophe', 'ONO-DIT6BIOT'),
(205, 'Christine', 'ORBAN'),
(77, 'Erik', 'ORSENNA'),
(1039, 'George', 'ORWELL'),
(1601, 'Georges', 'ORWELL'),
(56, 'Julie', 'OTSUKA'),
(197, 'Véronique', 'OVALDE'),
(184, 'Arto', 'PAASILINNA'),
(844, 'Rm', 'PAGE'),
(914, 'Marcel', 'PAGNOL'),
(1161, 'Danielle', 'PAMPUZAC'),
(684, 'Katherine', 'PANCOL'),
(587, 'Gilles', 'PARIS'),
(635, 'Julie', 'PARSONS'),
(901, 'Blaise', 'PASCAL'),
(1372, 'Boris', 'PASTERNAK'),
(1020, 'Bruno', 'PATINO'),
(188, 'Allan et barbara', 'PEASE'),
(248, 'Pierre', 'PEJU'),
(221, 'Daniel', 'PENNAC'),
(1228, 'François', 'PERCHE'),
(154, 'Pierre', 'PERRET'),
(46, 'Judith', 'PERRIGNON'),
(1572, 'Valérie', 'PERRIN'),
(242, 'Paul', 'PERRVE'),
(1562, 'Laurent', 'PETITMANGIN'),
(1134, 'Walter', 'PEVOST'),
(1640, 'Pauline', 'PEYRADE'),
(670, 'Michel', 'PEYRAMAURE'),
(1362, 'Roger', 'PEYREFITTE'),
(1105, 'Colette', 'PIAT'),
(797, 'Daniel', 'PICOULY'),
(1055, 'François', 'PIEL-FLAMME'),
(1642, 'Thomas', 'PIKETTY'),
(171, 'René-victor', 'PILHES'),
(978, 'Michel et monique', 'PINCON'),
(1017, 'Michel et monique', 'PINCON ET PINCON CHARLOT'),
(1648, 'Monique', 'PINCON-CHARLOT'),
(144, 'Mazarine', 'PINGEOT'),
(679, 'Bernard', 'PIVOT'),
(663, 'Belva', 'PLAIN'),
(1021, 'Edwy', 'PLENEL'),
(538, 'Patrick', 'POIVRE D\'ARVOR'),
(1553, 'Natacha', 'POLONY'),
(1010, 'Thomas', 'PORCHER'),
(315, 'Dominique/christian', 'PROUST/VANDERRIEST'),
(1200, 'Alain', 'PUJOL'),
(83, 'Yann', 'QUEFFELEC'),
(464, 'Elisabeth', 'QUIN'),
(1382, 'Anne b.', 'RADGE'),
(824, 'Michel', 'RAGON'),
(142, 'Atiq', 'RAHIMI'),
(1236, 'Bernard', 'RAQUIN'),
(199, 'Antoine', 'RAULT'),
(781, 'Vincent', 'RAVALEC'),
(314, 'Hubert', 'REEVES'),
(1717, 'Irénée/arnaud', 'RÉGNAULD/SAINT MARTIN'),
(1305, 'Eric', 'REINHARDT'),
(549, 'Alain', 'REMOND'),
(1538, 'Théresa', 'REVAY'),
(1146, 'Anna', 'REY'),
(1083, 'Nean', 'REY'),
(419, 'Pierre', 'REY'),
(261, 'Yasmina', 'REZA'),
(1171, 'Dominique et nathalie', 'REZNIKOFF'),
(680, 'Nino', 'RICCI'),
(862, 'Hans peter', 'RICHTER'),
(1704, 'Carme', 'RIERA'),
(841, 'Rainer maria', 'RILKE'),
(490, 'Angelo', 'RINALDI'),
(636, 'Anne', 'RIVERS SODDONS'),
(1707, 'Pascale', 'ROBERT-DIARD'),
(521, 'Ann victoria', 'ROBERTS'),
(478, 'Jean-marc', 'ROBERTS'),
(1022, 'Ag', 'ROEMMERS'),
(233, 'Marie-sabine', 'ROGER'),
(440, 'Dominique', 'ROLIN'),
(404, 'Olivier', 'ROLIN'),
(868, 'Romain', 'ROLLAND'),
(487, 'Jules', 'ROMAIN'),
(1038, 'Pierre', 'ROSENVALLON'),
(1138, 'Gilles', 'ROSSET'),
(31, 'Michel', 'ROSTAIN'),
(927, 'Edmond', 'ROSTAND'),
(1137, 'Michel', 'ROTA'),
(405, 'Philippe', 'ROTH'),
(1248, 'Anne et pierre', 'ROUANET'),
(800, 'Jean-marie', 'ROUART'),
(473, 'Jean', 'ROUAUD'),
(1030, 'Jean-jacques', 'ROUSSEAU'),
(975, 'François', 'ROUX'),
(1505, 'Maxime', 'ROVERE'),
(1205, 'Claude', 'ROY'),
(379, 'Pascale', 'ROZE'),
(1557, 'François', 'RUFFIN'),
(1131, 'Raymond', 'RUFFIN'),
(24, 'Jean-christophe', 'RUFIN'),
(1605, 'Olivia', 'RUIZ'),
(1191, 'Robert', 'SABATIER'),
(666, 'Edouard', 'SABLIER'),
(41, 'Françoise', 'SAGAN'),
(894, 'Antoine', 'SAINT EXUPERY'),
(805, 'François', 'SALVAING'),
(286, 'Lydie', 'SALVAYRE'),
(1592, 'Sheryl', 'SANDBERG'),
(986, 'Boualem', 'SANSAL'),
(1535, 'C.j', 'SANSOM'),
(1516, 'Care', 'SANTOS'),
(168, 'Gollarda', 'SAPIENZA'),
(511, 'Amélie', 'SARN'),
(749, 'Claude', 'SARRAUTE'),
(1053, 'Mohamed mbougar', 'SARRAUTE'),
(139, 'Roberto', 'SAVIANO'),
(138, 'Josyane', 'SAVIGNEAU'),
(758, 'Bernhard', 'SCHLINK'),
(92, 'Eric-emmanuel', 'SCHMITT'),
(1680, 'Vanessa', 'SCHNEIDER'),
(1114, 'Pierre', 'SCHOENDOERFFER'),
(1265, 'Peter', 'SCHOLL-LATOUR'),
(170, 'Pierre', 'SCHOLL-LATOUR'),
(134, 'Joep p.m', 'SCHRIJVERS'),
(545, 'Léon', 'SCHWARTZENBERG'),
(1154, 'Marcel', 'SCIPION'),
(1163, 'Michel/gilles', 'SCOB/RABIN'),
(1689, 'Ann', 'SCOTT'),
(676, 'Walter', 'SCOTT'),
(1281, 'Patrick', 'SEGAL'),
(843, 'Pierre', 'SEGHERS'),
(733, 'Jacques', 'SEGUELA'),
(66, 'Jean-luc', 'SEIGLE'),
(226, 'Laurent', 'SEKSIK'),
(1284, 'Patricia', 'SELIGMAN'),
(1583, 'Pockett', 'SÉNÈQUE'),
(40, 'Luis', 'SEPULVADA'),
(1469, 'Michel', 'SERRES'),
(627, 'Alexandre', 'SEURAT'),
(943, 'Bob', 'SHACOCHIS'),
(88, 'Mary ann et annie', 'SHAFFER ET BARROWS'),
(919, 'William', 'SHAKESPEARE'),
(163, 'Alexie', 'SHERMAN'),
(1173, 'Jean', 'SIBENALER'),
(893, 'Daniel', 'SIBONY'),
(1072, 'Christian', 'SIGNOL'),
(524, 'Simone', 'SIGNORET'),
(1217, 'Simone et jean', 'SIGNORET'),
(27, 'Dai', 'SIJIE'),
(1337, 'Ignazio', 'SILONE'),
(1269, 'Georges', 'SIMENON'),
(1164, 'Bernard', 'SIMIOT'),
(527, 'Johannes mario', 'SIMMEL'),
(477, 'Yves', 'SIMON'),
(714, 'Christiane', 'SINGER'),
(1061, 'Neige', 'SINNO'),
(329, 'Gilbert', 'SINOUE'),
(1367, 'Franck g', 'SLAUGHTER'),
(952, 'Leila', 'SLIMANI'),
(457, 'Paul', 'SMAÏL'),
(1545, 'Thomas', 'SNEGAROFF'),
(1419, 'Natasha', 'SOLOMONS'),
(1576, 'Bertrand', 'SOUBELET'),
(988, 'Pierre', 'SOUCHON'),
(1094, 'Ahdaf', 'SOUEIF'),
(1099, 'Jean-guy', 'SOUMY'),
(830, 'Tilman', 'SPENGLER'),
(1428, 'Sébastien', 'SPITZER'),
(1555, 'Vanessa', 'SPRINGORA'),
(1645, 'Jon kalman', 'STEFANSSON'),
(902, 'John', 'STEINBECK'),
(592, 'Jean-françois', 'STEINER'),
(941, 'Amanda', 'STHERS'),
(43, 'Kathryn', 'STOCKETT'),
(529, 'Paul loup', 'SULITZER'),
(382, 'Paul-loup', 'SULITZER'),
(1690, 'François', 'SUREAU'),
(898, 'Patrick', 'SUSKIND'),
(22, 'Vikas', 'SWARUP'),
(1274, 'Jean-marc', 'SYLVESTRE'),
(607, 'Magda', 'SZABO'),
(585, 'Wladyslaw', 'SZPILMAN'),
(1165, 'Maurice', 'T.MASCHINO'),
(1570, 'Niko', 'TACKIAN'),
(145, 'Laurence', 'TARDIEU'),
(1418, 'Donna', 'TARTT'),
(1546, 'Christiane', 'TAUBIRA'),
(130, 'Kressmann', 'TAYLOR'),
(543, 'Frank', 'TENAILLE'),
(334, 'Jim', 'TENUTO'),
(198, 'Bruno', 'TESSARECH'),
(1439, 'Sylvain', 'TESSON'),
(87, 'Jean', 'TEULE'),
(566, 'Ev', 'THOMPSON'),
(1235, 'Thomas', 'THOMPSON'),
(1210, 'Judith', 'THURMAN'),
(938, 'Kim', 'THUY'),
(1619, 'Christophe', 'TISON'),
(1510, 'Emmanuel', 'TODD'),
(1242, 'Olivier', 'TODD'),
(1694, 'Joanne', 'TOMPKINS'),
(1307, 'Valérie', 'TONG CUONG'),
(1575, 'Roland', 'TOPOR'),
(230, 'Philippe', 'TORRETON'),
(1098, 'Raymond', 'TOURNOUX'),
(764, 'Jean-philippe', 'TOUSSAINT'),
(251, 'Minh', 'TRAN HUY'),
(632, 'Marc', 'TREVIDIC'),
(918, 'Henri', 'TROYAT'),
(1406, 'Karine', 'TUIL'),
(885, 'Valérie', 'VALERE'),
(625, 'Armando', 'VALLADARES'),
(588, 'Fernando', 'VALLEJO'),
(1426, 'Aurélie', 'VALOGNES'),
(183, 'Didier', 'VAN CAUWELAERT'),
(895, 'Jeanne', 'VAN DEN BROUCK'),
(1560, 'Jean-rené', 'VAN DER PLAETSEN'),
(685, 'Vincent', 'VAN GOGH'),
(1293, 'Marlene', 'VAN NIEKERK'),
(1530, 'Adèle', 'VAN REETH'),
(1438, 'Valerio', 'VARESI'),
(281, 'Fred', 'VARGAS'),
(72, 'Mario', 'VARGAS LLOSA'),
(1486, 'Simone', 'VEIL'),
(869, 'Livre de poche', 'VERCORS'),
(361, 'Jules', 'VERNE'),
(1348, 'Paul', 'VIALAR'),
(1287, 'Paul emile', 'VICTOR'),
(502, 'Laurence', 'VIDAL'),
(1234, 'Paloma', 'VIDAL'),
(892, 'Pierre', 'VIDAL-NAQUET'),
(961, 'Tanguy', 'VIEL'),
(259, 'Thomas', 'VINAU'),
(1091, 'Henri', 'VINCENOT'),
(1089, 'Claude', 'VINCENT'),
(1251, 'Rose', 'VINCENT'),
(185, 'Andrea', 'VITALI'),
(574, 'Vladimir', 'VOLKOFF'),
(1033, 'Folio', 'VOLTAIRE'),
(983, 'Eric', 'VUILLARD'),
(333, 'Jérôme-arnaud', 'WAGNER'),
(1299, 'Lech', 'WALESA'),
(76, 'Michael', 'WALLNER'),
(614, 'Gunter', 'WALLRAFF'),
(999, 'Régis', 'WARGNIER'),
(337, 'Larry', 'WATSON'),
(1079, 'Eugen', 'WEBER'),
(417, 'Olivier', 'WEBER'),
(675, 'Bernard', 'WERBER'),
(149, 'François', 'WEYERGANS'),
(263, 'Anne', 'WIAZEMSKY'),
(534, 'Alexandre/sophie', 'WICKHAM/COIGNARD'),
(401, 'John e', 'WIDEMAN'),
(991, 'John edgar', 'WIDEMAN'),
(876, 'Elie', 'WIESEL'),
(571, 'R.foster', 'WINANS'),
(207, 'Martin', 'WINCKLER'),
(1335, 'Jeanette', 'WINTERSON'),
(1714, 'François', 'WOLFF'),
(1209, 'Thierry', 'WOLTON'),
(900, 'Virginia', 'WOOLF'),
(383, 'Françoise', 'XENAKIS'),
(1176, 'Marguerite', 'YOURCENAR'),
(177, 'Carlos ruiz', 'ZAFON'),
(1142, 'Nancy', 'ZAROULIS'),
(1208, 'Alice', 'ZENITER'),
(905, 'Livre de poche', 'ZEVACO'),
(1139, 'Léon', 'ZITRONE'),
(357, 'Emile', 'ZOLA'),
(69, 'Markus', 'ZUSAK'),
(249, 'Stefan', 'ZWEIG'),
(619, 'Cizia', 'ZYKE');

-- --------------------------------------------------------

--
-- Structure de la table `books`
--

DROP TABLE IF EXISTS `books`;
CREATE TABLE IF NOT EXISTS `books` (
  `bk_id` int(11) NOT NULL AUTO_INCREMENT,
  `bk_title` varchar(128) COLLATE utf8mb4_unicode_ci NOT NULL,
  `bk_author` int(11) DEFAULT NULL,
  `bk_location` int(11) DEFAULT NULL,
  `bk_editor` int(11) DEFAULT NULL,
  PRIMARY KEY (`bk_id`),
  UNIQUE KEY `IDX_BOOKS` (`bk_title`) USING BTREE,
  KEY `FK_AUTHOR` (`bk_author`),
  KEY `FK_EDITOR` (`bk_editor`),
  KEY `FK_LOCATION` (`bk_location`)
) ENGINE=InnoDB AUTO_INCREMENT=1721 DEFAULT CHARSET=utf8mb4 COLLATE=utf8mb4_unicode_ci;

--
-- Déchargement des données de la table `books`
--

INSERT INTO `books` (`bk_id`, `bk_title`, `bk_author`, `bk_location`, `bk_editor`) VALUES
(21, 'Naissance', 21, 2, 21),
(22, 'Meutre dans un jardin indien', 22, 2, 22),
(23, 'Le prédicateur', 23, 2, 23),
(24, 'Katiba', 24, 2, 24),
(25, 'Sans laisser d\'adresse', 25, 2, 22),
(26, 'L\'amour est une île', 26, 2, 23),
(27, 'Trois vies chinoises', 27, 2, 24),
(28, 'Purge', 28, 2, 28),
(29, 'Le chagrin', 29, 2, 29),
(30, 'Ouragan', 30, 2, 23),
(31, 'Le fils', 31, 2, 31),
(32, 'Le cœur cousu', 32, 2, 32),
(33, 'La révolution de l\'amour', 33, 2, 33),
(34, 'L\'enquête', 34, 2, 28),
(35, 'Nous étions des êtres vivants', 35, 2, 35),
(36, 'Parents toxiques', 36, 2, 36),
(37, 'Only Time Will Tell', 37, 2, 37),
(38, 'Les lisières', 38, 2, 24),
(39, 'La vie est brève et le désir sans fin', 39, 2, 39),
(40, 'L\'ombre de ce que nous avons été', 40, 2, 40),
(41, 'Un profil perdu', 41, 2, 28),
(42, 'Poète et paysan', 42, 2, 28),
(43, 'La couleur des sentiments', 43, 2, 43),
(44, 'Indignez vous !', 44, 2, 44),
(45, 'Où j\'ai laissé mon âme', 45, 2, 23),
(46, 'Les chagrins', 46, 2, 28),
(47, 'Des gens très bien', 47, 2, 21),
(48, 'La carte et le territoiire', 48, 2, 24),
(49, 'La petite amie imaginaire', 49, 2, 49),
(50, 'Barbe bleue', 50, 2, 50),
(51, 'Qu\'avons-nous fait de nos rêves', 51, 2, 28),
(52, 'Nous étions faits pour être heureux', 52, 2, 50),
(53, 'Des cailloux dans le ventre', 53, 2, 28),
(54, 'Peste et Choléra', 54, 2, 54),
(55, 'Pour seul Cortège', 30, 2, 23),
(56, 'Certaines n\'avaient jamais vu la mer', 56, 2, 56),
(57, 'Une semaine de vacances', 57, 2, 24),
(58, 'Le grand cœur', 24, 2, 35),
(59, 'Un homme ça ne pleure pas', 59, 2, 59),
(60, 'Carnets de cuisine', 60, 2, 60),
(61, 'Le vélo', 61, 2, 61),
(62, 'Pietra viva', 62, 2, 49),
(63, 'Entre mes mains le bonheur se faufile', 63, 2, 63),
(64, 'Sous un ciel immense', 64, 2, 64),
(65, 'Les quatre saisons de l\'été', 65, 2, 65),
(66, 'Je vous écris dans le noir', 66, 2, 24),
(67, 'Manderley for ever', 67, 2, 50),
(68, 'Un monde impitoyable', 68, 2, 68),
(69, 'La voleuse de livres', 69, 2, 31),
(70, 'La nuit de l\'oracle', 70, 2, 23),
(71, 'Bonjour paresse', 71, 2, 71),
(72, 'Tours et détours de la vilaine fille', 72, 2, 35),
(73, 'Venge-moi', 73, 2, 50),
(74, 'Dans la nuit Mozambique', 30, 2, 23),
(75, 'Elle s\'appelait Sarah', 67, 2, 75),
(76, 'Avril à Paris', 76, 2, 76),
(77, 'La révolte des accents', 77, 2, 28),
(78, 'La femme du Vème', 78, 2, 22),
(79, 'La consolante', 79, 2, 79),
(80, 'Les déferlantes', 26, 2, 80),
(81, 'La sorcière de Portobello', 81, 2, 24),
(82, 'Dark Horse', 82, 2, 49),
(83, 'L\'amour est fou', 83, 2, 59),
(84, 'Les bienveillantes', 84, 2, 35),
(85, 'Quand le mal est fait', 85, 2, 28),
(86, 'D\'autres vies que la mienne', 86, 2, 39),
(87, 'Mangez-le si vous voulez', 87, 2, 29),
(88, 'Le cercle littéraire des amateurs d\'épluchures de patates', 88, 2, 88),
(89, 'Les femmes aux cheveux courts', 89, 2, 50),
(90, 'Cher Amour', 90, 2, 40),
(91, 'Ce que le jour doit à la nuit', 91, 2, 29),
(92, 'Ulysse from Bagdad', 92, 2, 50),
(93, 'La princesse des glaces', 23, 2, 23),
(94, 'Belle sœur', 94, 2, 59),
(95, 'Alabama Song', 95, 2, 95),
(96, 'Le rapport de brodeck', 34, 2, 28),
(97, 'Par une nuit où la lune ne s\'est pas levée', 27, 2, 35),
(98, 'Lignes de faille', 98, 2, 23),
(99, 'La porte des Enfers', 30, 2, 23),
(100, 'Où on va papa ?', 42, 2, 28),
(101, 'Une vie de choix', 101, 2, 101),
(102, 'Seul dans le noir', 70, 2, 23),
(103, 'La trahison de Thomas Spencer', 103, 2, 29),
(104, 'Les naufragés et les rescapés', 104, 2, 35),
(105, 'L\'échappée belle', 79, 2, 79),
(106, 'Des vents contraires', 38, 2, 106),
(107, 'Impardonnables', 107, 2, 35),
(108, 'La voyageuse de la nuit', 108, 2, 35),
(109, 'Les dames de nage', 90, 2, 40),
(110, 'Les douze contes de minuit', 110, 2, 35),
(111, 'L\'innocence', 111, 2, 111),
(112, 'La guerre selon Clara', 112, 2, 112),
(113, 'Le vieil homme et la mer', 113, 2, 32),
(114, 'La blessure la vraie', 114, 2, 114),
(115, 'Mes mauvaises pensées', 115, 2, 28),
(116, 'Le chemin des âmes', 116, 2, 50),
(117, 'La vie mentie', 117, 2, 59),
(118, 'La rêveuse d\'Ostende', 92, 2, 50),
(119, 'L\'enfant allemand', 23, 2, 23),
(120, 'Le cœur glacé', 120, 2, 65),
(121, 'Melnitz', 121, 2, 21),
(122, 'Les hommes qui n\'aimaient pas les femmes', 122, 2, 23),
(123, 'La fille qui rêvait d\'un bidon d\'esszence et d\'une allumette', 122, 2, 23),
(124, 'La reine dans le palais des courants d\'air', 122, 2, 23),
(125, 'Yalta ou le partage du monde', 125, 2, 76),
(126, 'La guerre américaine d\'indochine', 126, 2, 126),
(127, 'Mort aux cons', 127, 2, 127),
(128, 'Le Montespan', 87, 2, 29),
(129, 'Parle-leur de batailles, de rois et d\'éléphant', 129, 2, 23),
(130, 'Jours d\'orage', 130, 2, 24),
(131, 'Le fait du prince', 50, 2, 50),
(132, 'In the country of last things', 70, 2, 132),
(133, 'Je suis noir et je n\'aime pas le manioc', 133, 2, 133),
(134, 'Trop gentil au burea ?', 134, 2, 134),
(135, 'Les yeux fermés', 135, 2, 135),
(136, 'Retrouve-moi', 136, 2, 136),
(137, 'Boomerang', 67, 2, 75),
(138, 'Point de coté', 138, 2, 28),
(139, 'Gomora', 139, 2, 35),
(140, 'La meilleure part des hommes', 140, 2, 35),
(141, 'L\'open space m\'a tuer', 141, 2, 127),
(142, 'Syngué sabour', 142, 2, 39),
(143, 'Les âmes grises', 34, 2, 28),
(144, 'Bouche cousue', 144, 2, 29),
(145, 'Puisque rien ne dure', 145, 2, 28),
(146, 'Le Zahir', 81, 2, 24),
(147, 'Ma sœur l\'a tuée', 147, 2, 147),
(148, 'Asile de fous', 148, 2, 35),
(149, 'Trois jours chez ma mère', 149, 2, 21),
(150, 'Magnus', 150, 2, 50),
(151, 'La pluie ne change rien au désir', 52, 2, 21),
(152, 'L\'étourdissement', 152, 2, 152),
(153, 'Dickens, Barbe à Papa et autres nourritures délectables', 153, 2, 153),
(154, 'Le café du pont', 154, 2, 76),
(155, 'Vous revoir', 155, 2, 76),
(156, 'Belange', 73, 2, 50),
(157, 'Invisible', 70, 2, 23),
(158, 'Hypothermie', 158, 2, 40),
(159, 'La petite fille de monsieur Linh', 34, 2, 28),
(160, 'Et le coucou dans l\'arbre se rit de l\'époux', 160, 2, 50),
(161, 'Deuil interdit', 161, 2, 54),
(162, 'Les voix', 162, 2, 54),
(163, 'Dix petits indiens', 163, 2, 50),
(164, 'Geisha', 164, 2, 65),
(165, 'Seras-tu là', 165, 2, 165),
(166, 'Le centre d\'appel', 166, 2, 166),
(167, 'Les taiseux', 167, 2, 35),
(168, 'L\'art de la joie', 168, 2, 168),
(169, 'Toutes ces choses qu\'on ne s\'est pas dites', 155, 2, 76),
(170, 'La mort dans la rizière', 170, 2, 170),
(171, 'La pompéi', 171, 2, 50),
(172, 'La mauvaise vie', 172, 2, 76),
(173, 'Nous n\'avons pas changé', 173, 2, 76),
(174, 'Sans l\'ombre d\'un témoin', 174, 2, 68),
(175, 'Ce sentiment océanique', 175, 2, 23),
(176, 'L\'attente de l\'aube', 176, 2, 54),
(177, 'Le jeu de l\'ange', 177, 2, 76),
(178, 'Check-Point', 24, 2, 35),
(179, 'Je suis là', 179, 2, 65),
(180, 'Mes desserts et leurs secrets', 180, 2, 180),
(181, 'Le lit défait', 41, 2, 181),
(182, 'Les fausses confidences', 182, 2, 182),
(183, 'Jules', 183, 2, 50),
(184, 'Le cantique de l\'apocalyse joyeuse', 184, 2, 61),
(185, 'La folie du lac', 185, 2, 152),
(186, 'Rien ne s\'oppose à la nuit', 186, 2, 65),
(187, 'Ce qu\'aimer veut dire', 187, 2, 39),
(188, 'Tout ce que vous avez toujours voul savoir sur les hommes et les femmes', 188, 2, 188),
(189, 'Jeanne', 189, 2, 189),
(190, 'Morte la bête', 190, 2, 23),
(191, 'La dernière femme de savie', 191, 2, 28),
(192, 'Les enfants d\'alexandrie', 108, 2, 50),
(193, 'Le caveau de famille', 193, 2, 193),
(194, 'Quatre jours en mars', 194, 2, 35),
(195, 'Les heures souterraines', 186, 2, 65),
(196, 'Trois femmes puissantes', 196, 2, 35),
(197, 'Ce que je sais de Vera Candida', 197, 2, 197),
(198, 'Les sentinelles', 198, 2, 21),
(199, 'Je veux que tu m\'aimes', 199, 2, 50),
(200, 'L\'olympe des infortunes', 91, 2, 29),
(201, 'Zulu', 201, 2, 32),
(202, 'Un brillant avenir', 202, 2, 32),
(203, 'Charly 9', 87, 2, 29),
(204, 'Le lièvre de patagonie', 204, 2, 35),
(205, 'Deux fois par semaine', 205, 2, 50),
(206, 'Quand souffle le vent du nord', 206, 2, 21),
(207, 'Le chœur des femmes', 207, 2, 39),
(208, 'Les chaussures italiennes', 208, 2, 54),
(209, 'Le voisin', 67, 2, 75),
(210, 'Le jour avant le bonheur', 210, 2, 35),
(211, 'Le crieur de nuit', 211, 2, 35),
(212, 'Les autos tamponneuses', 212, 2, 50),
(213, 'Les souvenirs', 213, 2, 35),
(214, 'Tuer le père', 50, 2, 50),
(215, 'Page blanche', 215, 2, 215),
(216, 'Un garçon singulier', 216, 2, 21),
(217, 'Les oliviers du négus', 30, 2, 23),
(218, 'Colères', 29, 2, 29),
(219, 'Nous faisions semblant d\'être quelqu\'un d\'autre', 219, 2, 76),
(220, 'Des hommes ordinaires', 220, 2, 28),
(221, 'Le 6è Continent', 221, 2, 35),
(222, 'Je vais mieux', 213, 2, 35),
(223, 'Les perroquets de la place d\'Arezzo', 92, 2, 50),
(224, 'Vertiges', 29, 2, 29),
(225, 'Love song', 107, 2, 35),
(226, 'Le cas Eduard Einstein', 226, 2, 24),
(227, 'Standard', 115, 2, 24),
(228, 'Le désamour', 228, 2, 35),
(229, 'Plonger', 229, 2, 35),
(230, 'Cher François', 230, 2, 24),
(231, 'La vie rêvéée d\'Ernesto G', 231, 2, 50),
(232, 'Le violon d\'Auschwitz', 232, 2, 181),
(233, 'La théorie du chien perché', 233, 2, 233),
(234, 'La servante du seigneur', 42, 2, 28),
(235, 'Un visage d\'ange', 235, 2, 22),
(236, 'Des vies derrière soi', 236, 2, 236),
(237, 'Le fils perdu', 237, 2, 35),
(238, 'Je n\'emporte rien du monde', 238, 2, 35),
(239, 'La fabrique des mots', 77, 2, 28),
(240, 'L\'œil du léopard', 208, 2, 49),
(241, 'La perte en héritage', 241, 2, 101),
(242, 'La burle', 242, 2, 242),
(243, 'Le quai d\'Ouistreham', 243, 2, 197),
(244, 'Franz et clara', 244, 2, 50),
(245, 'Mesdames, souriez', 245, 2, 59),
(246, 'La chambre de Stella', 246, 2, 21),
(247, 'L\'enfant d\'Octobre', 103, 2, 21),
(248, 'Le rire de l\'ogre', 248, 2, 35),
(249, 'Le voyage dans le passé', 249, 2, 21),
(250, 'Sahara', 250, 2, 76),
(251, 'La double vie d\'Anna Song', 251, 2, 23),
(252, 'La mauvaise rencontre', 216, 2, 21),
(253, 'Dolmen', 253, 2, 253),
(254, 'Les guetteurs de vent', 254, 2, 254),
(255, 'L\'écrivain de la famille', 65, 2, 65),
(256, 'Aucun de nous ne reviendra', 256, 2, 256),
(257, '14', 257, 2, 256),
(258, 'Danser les ombres', 30, 2, 23),
(259, 'Ici ça va', 259, 2, 259),
(260, 'L\'art français de la guerre', 260, 2, 35),
(261, 'Heureux les heureux', 261, 2, 24),
(262, 'Le cœur régulier', 38, 2, 197),
(263, 'Un an après', 263, 2, 35),
(264, 'Le sermon sur la chute de Rome', 45, 2, 23),
(265, 'Oh…', 107, 2, 35),
(266, 'Notre dame du Nil', 266, 2, 35),
(267, 'Retour indésirable', 121, 2, 21),
(268, 'L\'hiver des hommes', 29, 2, 29),
(269, 'Extra pure', 139, 2, 35),
(270, 'La vérité sur l\'affaire Harry Quebert', 270, 2, 189),
(271, 'Orages ordinaires', 176, 2, 54),
(272, 'Et que le vaste monde poursuive sa course folle', 272, 2, 22),
(273, 'Du domaine des murmures', 32, 2, 35),
(274, 'peine perdue', 38, 2, 24),
(275, 'Le rêve du Celte', 72, 2, 35),
(276, 'Reflets dans un œil d\'homme', 98, 2, 23),
(277, 'Moi enfant-loup', 277, 2, 136),
(278, 'En vieillissant les hommes pleurent', 66, 2, 24),
(279, 'Le voyage de théo', 279, 2, 49),
(280, 'La ronde des mensonges', 174, 2, 63),
(281, 'L\'armée furieuse', 281, 2, 281),
(282, 'Au bonheur des ogres', 221, 2, 32),
(283, 'Voyages en absurdie', 283, 2, 33),
(284, 'Petronille', 50, 2, 50),
(285, 'Au revoir La haut', 285, 2, 50),
(286, 'Pas pleurer', 286, 2, 54),
(287, 'L\'équation africaine', 91, 2, 29),
(288, 'Une femme avec personne dedans', 288, 2, 54),
(289, 'La mer console de toutes les laideurs', 289, 2, 289),
(290, 'Sunset Park', 70, 2, 23),
(291, 'La liste de mes envies', 65, 2, 65),
(292, 'Les dix enfants que madame Ming n\'a jamais eus', 92, 2, 50),
(293, 'Marina', 177, 2, 76),
(294, 'Veuf', 42, 2, 28),
(295, 'Limonov', 86, 2, 39),
(296, 'La vie en mieux', 79, 2, 79),
(297, 'Son carnet rouge', 67, 2, 75),
(298, 'Himmler I', 298, 2, 298),
(299, 'Himmler II', 298, 2, 298),
(300, 'Les anges meurent de nos blessures', 91, 2, 29),
(301, 'Goebbels', 298, 2, 75),
(302, 'Mémoires de guerres 1941-1945', 302, 2, 302),
(303, 'Mémoires de guerres 1919-1941', 302, 2, 302),
(304, 'La récréation', 172, 2, 76),
(305, 'La faiseuse d\'anges', 23, 2, 23),
(306, 'Les cinq personnes que j\'ai rencontrées là-haut', 306, 2, 63),
(307, 'A l\'ouest', 38, 2, 63),
(308, 'Psychanalise des contes de fées', 308, 2, 63),
(309, 'La vie immédiate', 309, 2, 309),
(310, 'Le mouvement perpétuel', 310, 2, 309),
(311, 'Capitale de la douleur', 309, 2, 309),
(312, 'Le roman inachevé', 310, 2, 309),
(313, 'Alcool', 313, 2, 309),
(314, 'Patience dans l\'azur', 314, 2, 314),
(315, 'Les galaxies et la structure de l\'univers', 315, 2, 314),
(316, 'Les années cerises', 26, 2, 233),
(317, 'Un soir de décembre', 186, 2, 49),
(318, 'indian creek', 318, 2, 318),
(319, 'Et rester vivant', 319, 2, 152),
(320, 'Des femmes et leur éducation', 320, 2, 320),
(321, 'La moustache', 86, 2, 32),
(322, 'Balade pour un père oublié', 87, 2, 63),
(323, 'Rose', 67, 2, 181),
(324, 'Turbulences', 324, 2, 63),
(325, 'Le cœur d\'une autre', 67, 2, 181),
(326, 'Moka', 67, 2, 181),
(327, 'L\'ombre du vent', 177, 2, 181),
(328, 'Le mec de la tombe d\'à coté', 193, 2, 233),
(329, 'L\'enfant de Bruges', 329, 2, 32),
(330, 'Jours sans faim', 186, 2, 281),
(331, 'Une forme de vie', 50, 2, 181),
(332, 'L\'appel de la rivière', 332, 2, 181),
(333, 'N\'oublie pas que je t\'aime', 333, 2, 63),
(334, 'La rivière de sang', 334, 2, 318),
(335, 'Priez pour nous', 29, 2, 281),
(336, 'Les derniers grizzlys', 336, 2, 318),
(337, 'Montana 1948', 337, 2, 318),
(338, 'Entre le chaperon rouge et le loup c\'est fini', 193, 2, 233),
(339, 'Entre Dieu et moi c\'est fini', 193, 2, 233),
(340, 'Mille soleils splendides', 340, 2, 340),
(341, 'Les larmes de tarzan', 193, 2, 233),
(342, 'Le père Goriot', 342, 2, 63),
(343, 'En cas de bonheur', 213, 2, 281),
(344, 'Little bird', 82, 2, 318),
(345, 'Guide pratique de la SCI', 345, 2, 134),
(346, 'Maigrir vite et bien', 346, 2, 346),
(347, 'Petit traité de désinvolture', 347, 2, 49),
(348, 'Manuel de savoir vivre à l\'usage des rustres et des malpolis', 348, 2, 49),
(349, 'A l\'abri de rien', 38, 2, 49),
(350, 'Falaises', 38, 2, 49),
(351, 'Derrière l\'épaule', 41, 2, 63),
(352, 'Comme neige au soleil', 176, 2, 49),
(353, 'Le monde selon Garp', 49, 2, 49),
(354, 'Le visage de l\'ennemi', 174, 2, 63),
(355, 'Napoléon', 355, 2, 63),
(356, 'La peau et le os', 356, 2, 63),
(357, 'La débâcle', 357, 2, 63),
(358, 'Les misérables II', 358, 2, 358),
(359, 'Boule de suif', 359, 2, 63),
(360, 'La nuit des temps', 360, 2, 63),
(361, 'Le tour du monde en quatre vingt jours', 361, 2, 63),
(362, 'Aimez-vous Brahms', 41, 2, 63),
(363, 'Le K', 363, 2, 63),
(364, 'Bonjour tristesse', 41, 2, 63),
(365, 'Le lieu du crime', 174, 2, 63),
(366, 'Si c\'est un homme', 104, 2, 63),
(367, 'La planète des singes', 367, 2, 63),
(368, 'Le meilleur des mondes', 368, 2, 63),
(369, 'Les contes d\'Eva Luna', 369, 2, 59),
(370, 'Les amoureux', 370, 2, 59),
(371, 'Réussir sans se fatiguer', 371, 2, 371),
(372, 'Les voleurs de beauté', 372, 2, 21),
(373, 'L\'inimitable', 373, 2, 59),
(374, 'Plus grands que l\'amour', 374, 2, 76),
(375, 'Aux fruits de la passion', 221, 2, 35),
(376, 'L\'alchimiste', 81, 2, 376),
(377, 'Week-end de chasse à la mère', 377, 2, 197),
(378, 'Rhapsodie cubaine', 378, 2, 21),
(379, 'Le chasseur zero', 379, 2, 50),
(380, 'Grand amour', 77, 2, 54),
(381, 'Dernier vol', 381, 2, 50),
(382, 'Cartel', 382, 2, 28),
(383, 'Désolée mais ça ne se fait pas', 383, 2, 33),
(384, 'Au-delà de nulle part', 384, 2, 59),
(385, 'La première épouse', 108, 2, 189),
(386, 'Une comédie légère', 386, 2, 54),
(387, 'Le zubial', 47, 2, 35),
(388, 'Poisson d\'or', 388, 2, 35),
(389, 'Fleur de péché', 389, 2, 50),
(390, 'Les rois sans visage', 390, 2, 59),
(391, 'Journal d\'une parisienne', 391, 2, 54),
(392, 'La fêlure du monde', 392, 2, 24),
(393, 'Les aveux du silence', 393, 2, 76),
(394, 'Le condottiere', 390, 2, 59),
(395, 'Diego et Frida', 388, 2, 28),
(396, 'Une soudaine solitude', 370, 2, 59),
(397, 'Fanny Stevenson', 397, 2, 76),
(398, 'Soleils amers', 398, 2, 398),
(399, 'La lune était noire', 161, 2, 54),
(400, 'La demi pensionnaire', 183, 2, 50),
(401, 'Suis-je le gardien de mon frère', 401, 2, 401),
(402, 'Le paradis un peu plus loin', 72, 2, 35),
(403, 'Les portes du sang', 403, 2, 54),
(404, 'Tigre en papier', 404, 2, 54),
(405, 'La tache', 405, 2, 35),
(406, 'La vie éternelle', 384, 2, 59),
(407, 'Les mystères de Jérusalem', 407, 2, 76),
(408, 'Le pique-nique des hollandaises', 408, 2, 408),
(409, 'L\'amour et le pouvoir', 409, 2, 22),
(410, 'Ripley entre deux eaux', 410, 2, 112),
(411, 'L\'inventaire', 370, 2, 59),
(412, 'Longtemps', 77, 2, 59),
(413, 'La mémoire d\'Abraham', 407, 2, 413),
(414, 'Les heures', 414, 2, 22),
(415, 'L\'amour au temps du choléra', 415, 2, 21),
(416, 'L\'enfant roi', 416, 2, 189),
(417, 'On ne se tue pas pour une femme', 417, 2, 33),
(418, 'La femme d\'emprunt', 418, 2, 28),
(419, 'Liouba', 419, 2, 165),
(420, 'Le temple des millions d\'années', 420, 2, 76),
(421, 'Le fils de la lumière', 420, 2, 76),
(422, 'Bleu blanc rouge', 390, 2, 165),
(423, 'Lentre deux mères', 423, 2, 28),
(424, 'Eloge de la maratre', 72, 2, 35),
(425, 'La bonté des femmes', 425, 2, 59),
(426, 'L\'amour au temps des solitudes', 390, 2, 59),
(427, 'L\'absent', 397, 2, 76),
(428, 'Mer misère', 428, 2, 428),
(429, 'Dune', 429, 2, 76),
(430, 'La petite main', 389, 2, 50),
(431, 'L\'homme fatal', 373, 2, 59),
(432, 'Pour l\'amour de l\'inde', 279, 2, 24),
(433, 'Le messie', 407, 2, 76),
(434, 'Histoire de la corse', 434, 2, 434),
(435, 'La petite fille au tambour', 435, 2, 76),
(436, 'Les samourais', 436, 2, 59),
(437, 'Les françaises', 391, 2, 59),
(438, 'Les cartes secrètes de  la guerre du golfe', 438, 2, 438),
(439, 'Histoire du juif errant', 439, 2, 35),
(440, 'Deux femmes un soir', 440, 2, 35),
(441, 'Les testaments trahis', 441, 2, 35),
(442, 'La douane de mer', 439, 2, 35),
(443, 'Comme un roman', 221, 2, 35),
(444, 'L\'étudaint étranger', 244, 2, 35),
(445, 'Le sens de la nuit', 445, 2, 35),
(446, 'A l\'ami qui ne m\'a pas sauvé la vie', 446, 2, 35),
(447, 'Le petit garçon', 244, 2, 35),
(448, 'Attends moi', 383, 2, 21),
(449, 'Une jeune fille', 449, 2, 54),
(450, 'Mémoire à deux voix', 450, 2, 346),
(451, 'Le testament français', 451, 2, 95),
(452, 'La classe de neige', 86, 2, 39),
(453, 'Passion simple', 453, 2, 35),
(454, 'Une femme', 453, 2, 35),
(455, 'Le rapt', 455, 2, 455),
(456, 'L\'abécédaire', 456, 2, 24),
(457, 'Vivre me tue', 457, 2, 457),
(458, 'La horde d\'or', 458, 2, 33),
(459, 'Rouge brésil', 24, 2, 35),
(460, 'Le racket fiscal', 460, 2, 50),
(461, 'L\'homme sans fusil', 461, 2, 54),
(462, 'Rue des Rosiers', 458, 2, 462),
(463, 'Jour sans retour', 130, 2, 463),
(464, 'Tu n\'es pas la fille de ta mère', 464, 2, 21),
(465, 'Portrait sepia', 369, 2, 21),
(466, 'Echine', 107, 2, 466),
(467, 'Les hommes et les femmes', 467, 2, 467),
(468, 'Dans les jardins de mon père', 468, 2, 24),
(469, 'La mala hora', 415, 2, 21),
(470, 'Les petits bonheurs', 470, 2, 50),
(471, 'Une désolation', 261, 2, 50),
(472, 'L\'accompagnatrice', 472, 2, 23),
(473, 'Des hommes illustres', 473, 2, 473),
(474, 'Il avait plu tout le dimanche', 153, 2, 95),
(475, 'Entrez et fermez la porte', 475, 2, 21),
(476, 'Ce que la nuit raconte au jour', 476, 2, 21),
(477, 'La dérive des sentiments', 477, 2, 21),
(478, 'Affaires personnelles', 478, 2, 21),
(479, 'Mon très cher amour', 391, 2, 21),
(480, 'Cinquante centimètre de tissu propre et sec', 480, 2, 21),
(481, 'Etoile errante', 388, 2, 35),
(482, 'Quinze ans', 244, 2, 35),
(483, 'Le petit sauvage', 47, 2, 35),
(484, 'TEXACO', 484, 2, 35),
(485, 'La traversée', 244, 2, 35),
(486, 'L\'ile des gauchers', 47, 2, 35),
(487, 'Knock', 487, 2, 35),
(488, 'Le passager de la pluie', 488, 2, 61),
(489, 'Un long dimanche de fiancailles', 488, 2, 61),
(490, 'Les jours ne s\'en vont pas longtemps', 490, 2, 21),
(491, 'MILAGRO', 491, 2, 491),
(492, 'Journal apocryphe d\'un président', 492, 2, 65),
(493, 'La sarbacane', 493, 2, 21),
(494, 'Le vol de l\'intruder', 381, 2, 50),
(495, 'Noir tango', 495, 2, 495),
(496, 'Love etc…', 496, 2, 61),
(497, 'Leçons particulières', 391, 2, 59),
(498, 'Port-Soudan', 404, 2, 54),
(499, 'Tiré à part', 499, 2, 61),
(500, 'Citoyennes', 500, 2, 24),
(501, 'Artemisia', 397, 2, 76),
(502, 'Les amants de Grenade', 502, 2, 502),
(503, 'La troisième guerre mondiale', 503, 2, 22),
(504, 'La princesse oubliée', 504, 2, 76),
(505, 'La fête au bouc', 72, 2, 35),
(506, 'Le récital des anges', 111, 2, 111),
(507, 'La jeune fille à la perme', 111, 2, 111),
(508, 'La dame à la licorne', 111, 2, 111),
(509, 'La vierge en bleu', 111, 2, 111),
(510, 'Je l\'aimais', 79, 2, 79),
(511, 'Elle ne pleure pas elle chante', 511, 2, 50),
(512, 'La condition humaine', 512, 2, 35),
(513, 'Regain', 513, 2, 181),
(514, 'Je voudrais que quelqu\'un m\'attende quelque part', 79, 2, 79),
(515, 'Le zéro et l\'infini', 515, 2, 112),
(516, 'Le plus sot animal', 368, 2, 516),
(517, 'Profession du père', 517, 2, 21),
(518, 'La dernière nuit du Raïs', 91, 2, 29),
(519, 'Toujours plus', 519, 2, 21),
(520, 'Le couvre feu', 520, 2, 22),
(521, 'Les amants de la pleine lune', 521, 2, 22),
(522, 'Le grand frère', 522, 2, 24),
(523, 'Le juge Michel', 523, 2, 68),
(524, 'La nostalgie n\'est plus ce qu\'elle était', 524, 2, 413),
(525, 'Changer de vie', 173, 2, 76),
(526, 'Les dossiers secrets du terrorisme', 438, 2, 50),
(527, 'Seul contre tous', 527, 2, 50),
(528, '1666', 528, 2, 112),
(529, 'La femme pressée', 529, 2, 28),
(530, 'Fille du destin', 530, 2, 21),
(531, 'La bicyclette bleue', 495, 2, 495),
(532, 'Les hommes etc.', 373, 2, 59),
(533, 'Casa Rosa', 533, 2, 22),
(534, 'La nomenklatura française', 534, 2, 22),
(535, 'Prisonnier de Giscard', 535, 2, 535),
(536, 'Le diable en rit encore', 495, 2, 495),
(537, '101, Avenue Henri Martin', 495, 2, 495),
(538, 'La traversée du miroir', 538, 2, 457),
(539, 'Le poisson rouge dans le perrier', 539, 2, 539),
(540, 'Le roman de Sophie Trébuchet', 389, 2, 50),
(541, 'Choisir sa mort', 541, 2, 50),
(542, 'Le couperet', 542, 2, 61),
(543, 'Polac : droit de se taire', 543, 2, 76),
(544, 'Les soldats de Salamine', 544, 2, 23),
(545, 'Réquiem pour la vie', 545, 2, 545),
(546, 'Collèges de France', 546, 2, 59),
(547, 'L\'amant', 547, 2, 473),
(548, 'Confessions d\'une radine', 202, 2, 35),
(549, 'Comme une chanson dans la nuit', 549, 2, 54),
(550, 'Water Music', 550, 2, 413),
(551, 'Premier de cordée', 455, 2, 455),
(552, 'La grande crevasse', 455, 2, 455),
(553, 'Ce que vivent les roses', 553, 2, 76),
(554, 'L\'enfant qui devint fou d\'amour', 554, 2, 554),
(555, 'Destin du toxicomane', 555, 2, 59),
(556, 'Savez-vous qu\'ils détruisent l\'université', 556, 2, 170),
(557, 'Voulez-vous vraiment des enfants idiots', 556, 2, 170),
(558, 'La gauche la plus bête du monde', 558, 2, 24),
(559, 'P. comme police', 559, 2, 559),
(560, 'Regarde, nos chemins se sont fermés', 383, 2, 50),
(561, 'FARRAGO', 561, 2, 21),
(562, 'Génie la folle', 562, 2, 61),
(563, 'Dans la cage de l\'ours', 563, 2, 457),
(564, 'Lou Histoire d\'une femme libre', 391, 2, 59),
(565, 'La sans pareille', 108, 2, 413),
(566, 'Les marchands de rêve', 566, 2, 457),
(567, 'Enquête sur les affaires d\'un septennat', 567, 2, 76),
(568, 'Le cardinal du Kremlin', 568, 2, 50),
(569, 'Les routes de Pekin', 529, 2, 28),
(570, 'La lionne du boulevard', 397, 2, 76),
(571, 'Wall Strett', 571, 2, 188),
(572, 'Une adoration', 98, 2, 23),
(573, 'Les punis', 573, 2, 28),
(574, 'Le retournement', 574, 2, 29),
(575, 'Tombouctou', 70, 2, 23),
(576, 'Les lois de la gravité', 87, 2, 29),
(577, 'La princesse de Mantoue', 577, 2, 35),
(578, 'La drogue ou la vie', 555, 2, 76),
(579, 'Le jeu de la tentation', 579, 2, 579),
(580, 'Rencontre sous X', 183, 2, 50),
(581, 'Dédale', 581, 2, 76),
(582, 'L\'oiseau des ténèbres', 161, 2, 54),
(583, 'Un ami de passage', 583, 2, 413),
(585, 'Le pianiste', 585, 2, 76),
(586, 'La mort du roi Tsongor', 30, 2, 23),
(587, 'Autobiographie d\'une courgette', 587, 2, 33),
(588, 'Et nous irons tous en enfer', 588, 2, 462),
(589, 'Mère agitée', 589, 2, 54),
(590, 'La maitresse de Brecht', 590, 2, 50),
(591, 'C\'était bien', 439, 2, 35),
(592, 'Treblinka', 592, 2, 59),
(593, 'Le nabab', 373, 2, 65),
(594, 'La quatrième main', 49, 2, 54),
(595, 'L\'allée du Roi', 108, 2, 29),
(596, 'Le dictateur et le hamac', 221, 2, 35),
(597, 'Hors de moi', 183, 2, 50),
(598, 'L\'accordeur de piano', 598, 2, 33),
(599, 'Ainsi mentent les hommes', 130, 2, 463),
(600, 'Un secret', 216, 2, 21),
(601, 'Dersou Ouzala', 601, 2, 502),
(602, 'L\'enfant de Noe', 92, 2, 50),
(603, 'Le soleil des Scorta', 30, 2, 23),
(604, 'Carnets d\'une soumise de province', 604, 2, 35),
(605, 'Onze minutes', 605, 2, 376),
(606, 'Le sang des roses', 73, 2, 50),
(607, 'La porte', 607, 2, 168),
(608, 'Sept jours pour une éternité', 155, 2, 76),
(609, 'L\'empire de loups', 609, 2, 50),
(610, 'Missing', 610, 2, 495),
(611, 'La prochaine fois', 155, 2, 76),
(612, 'Les médecins maudits', 612, 2, 612),
(613, 'La mère d\'Anna', 613, 2, 68),
(614, 'Tête de turc', 614, 2, 614),
(615, 'Tant qu\'il y aura des profs', 615, 2, 54),
(616, 'Mémoire infidèle', 616, 2, 68),
(617, 'Une vie française', 617, 2, 106),
(618, 'Mon voyage en enfer', 618, 2, 29),
(619, 'Oro', 619, 2, 170),
(620, 'La chambre', 108, 2, 35),
(621, 'Darling lilly', 161, 2, 54),
(622, 'Rien de grave', 622, 2, 28),
(623, 'Vous allez rire', 623, 2, 112),
(624, 'Un homme fatal', 397, 2, 76),
(625, 'Mémoires de prison', 625, 2, 50),
(626, 'La chaine bleue', 626, 2, 626),
(627, 'La maladroite', 627, 2, 627),
(628, 'Les humeurs insolubles', 628, 2, 54),
(629, 'La femme qui dit non', 629, 2, 21),
(630, 'Boussole', 129, 2, 23),
(631, 'L\'arbre du pays Toraja', 34, 2, 28),
(632, 'Ahlam', 632, 2, 65),
(633, 'Ne tirez pas sur l\'oiseau moqueur', 633, 2, 181),
(634, 'Le passe-debout', 634, 2, 24),
(635, 'Noir dessein', 635, 2, 112),
(636, 'Pouvoir de femme', 636, 2, 636),
(637, 'Maman je ne veux pas etre empereur', 383, 2, 50),
(638, 'La reine du monde', 73, 2, 50),
(639, 'Kate', 382, 2, 28),
(640, 'Rien passionnément', 640, 2, 640),
(641, 'Prisons la vérité', 641, 2, 68),
(642, '1492', 384, 2, 59),
(643, 'Jenny Marx ou la femme du diable', 391, 2, 76),
(644, 'Présidente', 73, 2, 50),
(645, 'Mitterrand et les 40 voleurs', 645, 2, 50),
(646, 'Le grand méchant bêtisier 1994', 646, 2, 50),
(647, 'La seconde guerre mondiale', 647, 2, 59),
(648, 'Le directeur de nuit', 435, 2, 76),
(649, 'Le pharaon noir', 420, 2, 76),
(650, 'L\'éléphant bleu', 461, 2, 50),
(651, 'Le foulard bleu', 370, 2, 59),
(652, 'Rue de la soie', 495, 2, 59),
(653, 'Les grandes filles (l\'année du certif)', 653, 2, 76),
(654, 'La femme derrière le miroir', 390, 2, 59),
(655, 'Saladin, rassembleur de l\'Islam', 655, 2, 502),
(656, 'Le pendule de Foucault', 656, 2, 21),
(657, 'Ramses Sous l\'acacia d\'occident', 420, 2, 76),
(658, 'Ramses la dame d\'abou Simbel', 420, 2, 76),
(659, 'Ramses la bataille de Kadesh', 420, 2, 76),
(660, 'Silence on tue', 660, 2, 21),
(661, 'Mesrine ou la dernière cavale', 661, 2, 661),
(662, 'Devi', 373, 2, 59),
(663, 'Tous les fleuves vont à la mer', 663, 2, 663),
(664, 'Software, la guerre douce', 664, 2, 76),
(665, 'Où es-tu ?', 155, 2, 76),
(666, 'Le fil rouge', 666, 2, 33),
(667, 'Ayez pitié du cœur des hommes', 398, 2, 65),
(668, 'Le fidèle d\'amour', 668, 2, 50),
(669, 'La déchirure', 669, 2, 68),
(670, 'Le printemps des pierres', 670, 2, 76),
(671, 'Lune de printemps', 671, 2, 50),
(672, 'L\'Atlantique est mon désert', 672, 2, 35),
(673, 'Mère justice', 418, 2, 28),
(674, 'Hannah', 382, 2, 28),
(675, 'Les fourmis', 675, 2, 50),
(676, 'Richard cœur de lion', 676, 2, 676),
(677, 'Deux et deux font trois', 391, 2, 21),
(678, 'Mélanie dans un vent terrible', 475, 2, 21),
(679, 'Remontrance à la ménagère de moins de 50 ans', 679, 2, 33),
(680, 'Les yeux bleus et le serpent', 680, 2, 680),
(681, 'Meutre sur le Grandvaux', 470, 2, 50),
(682, 'L\'immortalité', 441, 2, 35),
(683, 'Le rocher de Tanios', 683, 2, 21),
(684, 'Les hommes cruels ne courent pas les rues', 684, 2, 54),
(685, 'Lettres à son frère Théo', 685, 2, 21),
(686, 'Arthur ou le bonheur de vivre', 391, 2, 59),
(687, 'Orlanda', 687, 2, 21),
(688, 'Reviens Simone', 370, 2, 28),
(689, 'Truismes', 289, 2, 689),
(690, 'Des amis imaginaires', 690, 2, 690),
(691, 'Les faux fuyants', 41, 2, 29),
(692, 'Lettre aux parents sur les choix scolaires', 189, 2, 692),
(693, 'Les roses d\'Acatana', 40, 2, 693),
(694, 'Le miroir égaré', 41, 2, 33),
(695, 'Lettres à l\'absente', 538, 2, 50),
(696, 'Une personne déplacée', 468, 2, 21),
(697, 'Sueurs froides', 697, 2, 61),
(698, 'La reine des neiges', 698, 2, 24),
(699, 'La maladie de Sachs', 207, 2, 689),
(700, 'Brazzaville plage', 176, 2, 54),
(701, 'La chasse au lézard', 176, 2, 54),
(702, 'Chienne d\'année', 391, 2, 54),
(703, 'Le premier jour après moi', 384, 2, 59),
(704, 'Belles galères', 73, 2, 50),
(705, 'Cosima la sublime', 391, 2, 59),
(706, 'Arrêtez de piquer mes sous', 706, 2, 24),
(707, 'La petite Française', 707, 2, 50),
(708, 'Douze contes vagabonds', 415, 2, 21),
(709, 'Et toute ma sympathie', 41, 2, 29),
(710, 'Chronique d\'une mort annoncée', 415, 2, 21),
(711, 'Le maitre des chimères', 83, 2, 29),
(712, 'Vincent VanGogh', 712, 2, 712),
(713, 'J\'irai pas en enfer', 42, 2, 28),
(714, 'Où cours-tu ? Ne sais-tu pas que le ciel est en toi ?', 714, 2, 50),
(715, 'La fin et le commencement', 715, 2, 21),
(716, 'La nuit sacrée', 716, 2, 54),
(717, 'Ejira', 717, 2, 717),
(718, 'Le bel avenir', 718, 2, 413),
(719, 'Les derniers rois de Thule', 719, 2, 33),
(720, 'La paresseuse', 94, 2, 50),
(721, 'Un chagrin de passage', 41, 2, 29),
(722, 'La nuit du sérail', 722, 2, 413),
(723, 'Quand tu es parti', 723, 2, 22),
(724, 'Véronika décide de mourir', 605, 2, 376),
(725, 'Sans fleur ni fusil', 725, 2, 50),
(726, 'Aden', 726, 2, 54),
(727, 'Le crime des pères', 117, 2, 54),
(728, 'Le rêve des autres', 49, 2, 54),
(729, 'Le carnet rouge', 70, 2, 23),
(730, 'Hymnes à l\'amour', 263, 2, 35),
(731, 'Cette aveuglante absence de lumière', 716, 2, 54),
(732, 'Le bonheur. Tableaux et bavardages', 153, 2, 462),
(733, 'Hollywood lave plus blanc', 733, 2, 24),
(734, 'Les bonnes intentions', 734, 2, 106),
(735, 'Menteur', 73, 2, 50),
(736, 'Presque rien sur presque tout', 439, 2, 35),
(737, 'Le démon du passé', 737, 2, 50),
(738, 'J\'écris aux hommes de demain', 738, 2, 413),
(739, 'L\'enfant des lumières', 108, 2, 692),
(740, 'La vie interdite', 183, 2, 50),
(741, 'Le poete', 161, 2, 54),
(742, 'Le vieux qui lisait des romans d\'amour', 40, 2, 693),
(743, 'Le château des songes', 743, 2, 743),
(744, 'Les filles ducalvaire', 744, 2, 21),
(745, 'Un tout petit monde', 745, 2, 690),
(746, 'Povcheri', 73, 2, 50),
(747, 'Vent Africain', 747, 2, 21),
(749, 'Ah! L\'amour toujours l\'amour', 749, 2, 24),
(750, 'L\'enseignement en détresse', 189, 2, 29),
(751, 'Tout ce que joseph écrivait cette année là', 73, 2, 50),
(752, 'La difficulté d\'être', 752, 2, 462),
(753, 'Le neveu d\'amérique', 40, 2, 693),
(754, 'Un héros de passage', 538, 2, 50),
(755, 'Se résoudre aux adieux', 103, 2, 29),
(756, 'Contour du jour qui vient', 756, 2, 33),
(757, 'La tranchée d\'arenberg et autres voluptés sportives', 153, 2, 757),
(758, 'Le retour', 758, 2, 35),
(759, 'Mon cœur à l\'étroit', 196, 2, 35),
(760, 'Jeune Fille', 263, 2, 35),
(761, 'A garonne', 153, 2, 761),
(762, 'Le magasin des suicides', 87, 2, 29),
(763, 'Journal d\'une hirondelle', 50, 2, 50),
(764, 'Fuir', 764, 2, 473),
(765, 'Moon palace', 70, 2, 23),
(766, 'Cité de verre', 70, 2, 23),
(767, 'L\'invention de la solitude', 70, 2, 23),
(768, 'La musique du hasard', 70, 2, 23),
(769, 'Léviathan', 70, 2, 23),
(770, 'Smoke', 70, 2, 23),
(771, 'Le livre des illusions', 70, 2, 23),
(772, 'Où il n\'est pas question d\'amour', 472, 2, 23),
(773, 'Stupeur et tremblements', 50, 2, 50),
(774, 'Les particules élémentaires', 48, 2, 24),
(775, 'La femme du menteur', 384, 2, 59),
(776, 'La conférence de Cintegabelle', 286, 2, 54),
(777, 'La courte paille', 777, 2, 33),
(778, 'Le grand livre des nouvelles histoires drôles', 778, 2, 36),
(779, 'On ne fait jamais vraiment ce que l\'on veut', 747, 2, 59),
(780, 'Wonderful Avenue', 161, 2, 54),
(781, 'Les clefs du bonheur', 781, 2, 79),
(782, 'Instruments des ténèbres', 98, 2, 23),
(783, 'La mère', 783, 2, 28),
(784, 'Chroniques de Billancourt', 472, 2, 23),
(785, 'L\'arbre des possibles et autres histoires', 675, 2, 50),
(786, 'L\'empire du silence', 458, 2, 462),
(787, 'Le second empire', 787, 2, 33),
(788, 'Le roman d\'un inconnu', 468, 2, 21),
(789, 'L\'inceste', 57, 2, 28),
(790, 'L\'homme parano', 555, 2, 743),
(791, 'Le petit bout du L', 791, 2, 76),
(792, 'Rue des bons enfants', 73, 2, 50),
(793, 'L\'ile enchantée', 386, 2, 54),
(794, 'Le stress c\'est la vie', 794, 2, 794),
(795, 'Il y a longtemps que je t\'aime', 468, 2, 24),
(796, 'Lettre ouverte d\'un chien à Fraçois Mitterrand au nom de la liberté d\'aboyer', 645, 2, 50),
(797, 'L\'enfant léopard', 797, 2, 21),
(798, 'Ecologie des villes, écologie des champs', 798, 2, 59),
(799, 'Les corps céleste', 445, 2, 35),
(800, 'Le goût du malheur', 800, 2, 35),
(801, 'La quarantaine', 388, 2, 35),
(802, 'Le protocole compassionnel', 446, 2, 35),
(803, 'L\'œil du silence', 803, 2, 24),
(804, 'Fraternités, une nouvelle utopie', 384, 2, 59),
(805, 'La boîte', 805, 2, 59),
(806, 'Ne pleure pas ma belle', 737, 2, 50),
(807, 'On dit que les gens sont tristes', 807, 2, 35),
(808, 'La tante Julia et le cribouillard', 72, 2, 35),
(809, 'L\'insoutenable légèreté de l\'être', 441, 2, 35),
(810, 'Sa femme', 810, 2, 35),
(811, 'Vestiaire de l\'enfance', 811, 2, 35),
(812, 'La dernière femme', 812, 2, 21),
(813, 'Suite Française', 813, 2, 61),
(814, 'Autobiographie d\'un amour', 47, 2, 35),
(815, 'Onitsha', 388, 2, 35),
(816, 'Les solitudes', 816, 2, 35),
(817, 'Je, François Villon', 87, 2, 29),
(818, 'Rendez-vous', 57, 2, 24),
(819, 'Le mode connu', 819, 2, 50),
(820, 'Werther ce soir', 73, 2, 50),
(821, 'Elles', 821, 2, 65),
(822, 'Ayrton Senna, Trajectoire d\'un enfant gaté', 822, 2, 822),
(823, 'une femme en soi', 117, 2, 54),
(824, 'Le roman de Rabelais', 824, 2, 50),
(825, 'Un jour tu verras', 737, 2, 50),
(826, 'Une jeune fille bien comme il faut', 461, 2, 50),
(827, 'Ramses II la véritable histoire', 827, 2, 502),
(828, 'Voyages dans l\'Egypte des pharaons', 420, 2, 76),
(829, 'Bleu blanc rouge le regard des peintres', 390, 2, 165),
(830, 'Le cerveau de Lenine', 830, 2, 830),
(831, 'François cevert La mort dans mon contrat', 831, 2, 24),
(832, 'Et puis après …', 777, 2, 33),
(833, 'L\'amateur', 833, 2, 54),
(834, 'Il viendra', 384, 2, 59),
(835, 'Genia', 835, 2, 462),
(836, 'Vendredi soir', 810, 2, 35),
(837, 'La première gorgée de bière et autres plaisirs minuscules', 153, 2, 153),
(838, 'Chaque jour est un adieu', 549, 2, 54),
(839, 'Le baiser au lépreux', 839, 2, 21),
(840, 'Pourquoi j\'ai mangé mon père', 840, 2, 233),
(841, 'Lettre à un jeune poète', 841, 2, 21),
(842, 'Dictionnaire du superflu', 348, 2, 842),
(843, 'Le livre d\'or de la Poésie française', 843, 2, 36),
(844, 'Le radar', 844, 2, 844),
(846, 'Le nœud de vipère', 839, 2, 181),
(847, 'Manon Lescaut', 847, 2, 847),
(848, 'Dette d\'honneur 1', 568, 2, 181),
(849, 'Dette d\'honneur 2', 568, 2, 181),
(850, 'La part de l\'autre', 92, 2, 181),
(851, 'La dernière colline', 495, 2, 181),
(852, 'Le mercenaire du diable', 382, 2, 181),
(853, 'Verbatim I', 384, 2, 181),
(854, 'L\'étrange histoire de Peter Schlermihl', 854, 2, 854),
(855, 'Naissances sur ordonnance', 855, 2, 181),
(856, 'Avec intention de nuire', 855, 2, 181),
(857, 'Dors ma jolie', 737, 2, 181),
(858, 'Octobre rouge', 568, 2, 181),
(859, 'Un besoin de malheur', 816, 2, 181),
(860, 'Un cri dans la nuit', 737, 2, 181),
(861, 'Sylvie', 861, 2, 861),
(862, 'J\'avais deux camarades', 862, 2, 181),
(863, 'Arsene Lupin l\'aiguille creuse', 863, 2, 181),
(864, 'Germinal', 357, 2, 181),
(865, 'Le destin de Robert Shannon', 865, 2, 181),
(866, 'Sous le regard des étoiles', 865, 2, 181),
(867, 'Vipère au poing', 867, 2, 181),
(868, 'Colas BREUGNON', 868, 2, 181),
(869, 'Le silence de la mer', 869, 2, 869),
(870, 'Sans famille I', 870, 2, 181),
(871, 'Sans famille II', 870, 2, 181),
(872, 'Un capitaine de quinze ans', 361, 2, 181),
(873, 'Vingt mille lieues sous les mers', 361, 2, 181),
(874, 'Laura Brams', 73, 2, 181),
(875, 'Le capitaine Fracasse', 875, 2, 181),
(876, 'Le cinquième fils', 876, 2, 181),
(877, 'Nous allions vers les beaux jours', 73, 2, 181),
(878, 'Le roi vert', 382, 2, 181),
(879, 'La nuit du renard', 737, 2, 181),
(880, 'Vie et mort à Shanghai', 880, 2, 181),
(881, 'Au propre et au figuré', 384, 2, 181),
(882, 'Le crépuscule au loin', 876, 2, 181),
(883, 'C\'était le Pérou', 73, 2, 181),
(884, 'Money', 382, 2, 181),
(885, 'Le pavillon des enfants fous', 885, 2, 181),
(886, 'Une femme beuve', 886, 2, 181),
(887, 'Putain de mort', 887, 2, 181),
(888, 'Ethique à Nicomaque', 888, 2, 888),
(889, 'nahanni', 455, 2, 181),
(890, 'La montagne aux écritures', 455, 2, 181),
(891, 'Enfance', 891, 2, 181),
(892, 'Les juifs, la mémoire et le présent', 892, 2, 892),
(893, 'les trois monothéismes', 893, 2, 892),
(894, 'Œuvres de', 894, 2, 894),
(895, 'Manuel à l\'usage des enfants qui ont des parents difficiles', 895, 2, 842),
(896, 'Les yeux d\'Elsa', 310, 2, 428),
(897, 'Essais sur les données immédiates de la conscience Chap 2', 897, 2, 897),
(898, 'Le parfum', 898, 2, 181),
(899, 'Psyché', 899, 2, 861),
(900, 'Mrs DALLOWAY', 900, 2, 32),
(901, 'Pensées sur la justice', 901, 2, 901),
(902, 'Les raisins de la colère', 902, 2, 32),
(903, 'Les choéphores, les euménides', 903, 2, 903),
(904, 'Les sables de la mer', 904, 2, 181),
(905, 'Le capitan', 905, 2, 905),
(906, 'Le fabricant de miroirs', 104, 2, 181),
(907, 'Retour à la montagne', 455, 2, 181),
(908, 'Arsène lupin, la demeure mystérieuse', 863, 2, 181),
(909, 'Le grand cirque', 909, 2, 281),
(911, 'Pierre et Jean', 911, 2, 181),
(912, 'Les contes de la bécasse', 911, 2, 181),
(913, 'La mort à venise', 913, 2, 181),
(914, 'Le château de ma mère', 914, 2, 181),
(915, 'Carmer', 915, 2, 181),
(916, 'Eugénie Grandet', 342, 2, 181),
(918, 'Viou', 918, 2, 281),
(919, 'Hamlet/Othello/Macbeth', 919, 2, 181),
(920, 'Le speen de Paris', 920, 2, 181),
(921, 'Pièces', 921, 2, 921),
(922, 'Le grand Meaulnes', 922, 2, 922),
(924, 'La guerre de Troie n\'aura pas lieu', 924, 2, 181),
(925, 'Le petit chose', 925, 2, 181),
(926, 'Vent d\'est, vent d\'ouest', 783, 2, 181),
(927, 'Cyrano de Bergerac', 927, 2, 181),
(928, 'Les chouans', 342, 2, 181),
(929, 'Colline', 513, 2, 181),
(931, 'Le jardinier espagnol', 865, 2, 181),
(932, 'Jacquou le croquant', 932, 2, 181),
(933, 'Journal', 933, 2, 181),
(934, 'Le ventre de Paris', 357, 2, 181),
(935, 'Le viking qui voulait épouser la fille de soie', 193, 2, 233),
(936, 'Histoire de la violence', 936, 2, 54),
(937, 'Je suis en vie et tu ne m\'entends pas', 937, 2, 23),
(938, 'VI', 938, 2, 938),
(939, 'Le mystère Henri Pick', 213, 2, 35),
(940, 'Le reste de leur vie', 940, 2, 166),
(941, 'Les promesses', 941, 2, 21),
(942, 'Les coulisses de la création', 942, 2, 24),
(943, 'La femme qui avait perdu son âme', 943, 2, 318),
(944, 'Daisy sisters', 208, 2, 49),
(945, 'Toxique', 41, 2, 181),
(946, 'Le joueur d\'échecs', 249, 2, 181),
(947, 'Un certain sourire', 41, 2, 63),
(948, 'Riquet à la houppe', 50, 2, 50),
(949, 'Dans un mois dans un an', 41, 2, 63),
(950, 'L\'archipel d\'une autre vie', 451, 2, 54),
(951, 'Ecoutez nos défaites', 30, 2, 23),
(952, 'Chanson douce', 952, 2, 35),
(953, 'Repose-toi sur moi', 953, 2, 24),
(954, 'L\'absente', 29, 2, 29),
(955, 'Mes regrets sont des remords', 172, 2, 76),
(956, 'Arrête avec tes mensonges', 103, 2, 29),
(957, 'La tête de l\'emploi', 213, 2, 281),
(958, 'Théa', 144, 2, 29),
(959, 'Ma vie de pingouin', 193, 2, 233),
(960, 'Le cas Malaussène I', 221, 2, 35),
(961, 'Paris-Brest', 961, 2, 473),
(962, 'La disparition de Jim Sullivan', 961, 2, 473),
(963, 'Moi qui vous parle', 104, 2, 63),
(964, 'Le bureau des jardins et des étangs', 964, 2, 28),
(965, 'Le quatrième mur', 517, 2, 181),
(966, 'J\'ai toujours cette musique dans la tête', 966, 2, 253),
(967, 'Le tour du monde du roi Zibeline', 24, 2, 35),
(968, 'Mémé', 230, 2, 281),
(969, 'Ma mère du Nord', 42, 2, 181),
(970, 'Ta deuxième vie commence quand tu comprends que tun\'en as qu\'une', 970, 2, 63),
(971, 'Clarissa', 249, 2, 181),
(972, 'Le retour de Jules', 183, 2, 50),
(973, 'L\'homme aux cercles bleus', 281, 2, 281),
(974, 'Les bottes suédoises', 208, 2, 49),
(975, 'Tout ce dont on rêvait', 975, 2, 50),
(976, 'Les jeunes de banlieue mangent-ils les enfants', 976, 2, 976),
(977, 'On est foutu on pense trop', 977, 2, 49),
(978, 'Les prédateurs au pouvoir', 978, 2, 978),
(979, 'Le cerveau, la machine et l\'humain', 979, 2, 346),
(980, 'Mon autopsie', 42, 2, 28),
(981, 'Négocier comme Churchill', 981, 2, 981),
(982, 'Le jour d\'avant', 517, 2, 21),
(983, 'L\'ordre du jour', 983, 2, 23),
(984, 'Fendre l\'armure', 79, 2, 79),
(985, 'Ma mère cette inconnue', 244, 2, 35),
(986, '2084 La fin du monde', 986, 2, 32),
(987, 'Et vous avez eu beau temps ?', 153, 2, 54),
(988, 'Encore vivant', 988, 2, 627),
(989, 'Les loyautés', 186, 2, 65),
(990, 'Fausse route', 990, 2, 990),
(991, 'Ecrire pour sauver une vie', 991, 2, 35),
(992, 'Eugenia', 29, 2, 29),
(993, 'Entrez dans la danse', 87, 2, 29),
(994, 'Qui a tué mon père', 936, 2, 54),
(995, 'Chanson de la ville silencieuse', 38, 2, 24),
(996, 'J\'ai longtemps eu peur de la nuit', 996, 2, 76),
(997, 'La femme qui ne vieillissait pas', 65, 2, 65),
(998, 'Baïkal - Amour', 404, 2, 998),
(999, 'Les prix d\'excellence', 999, 2, 21),
(1000, 'Tout le pouvoir aux soviets', 94, 2, 28),
(1001, 'Dernières nouvelles du futur', 1001, 2, 21),
(1002, 'Ce que le mirage doit à l\'oasis', 91, 2, 24),
(1003, 'Bullshit jobs', 1003, 2, 1003),
(1004, 'J\'ai pas pleuré', 1004, 2, 1004),
(1005, 'Gabriële', 1005, 2, 181),
(1006, 'Seuls les vivants créent le monde', 249, 2, 76),
(1007, 'La comédie (in)humaine', 1007, 2, 1007),
(1008, 'Piranhas', 139, 2, 35),
(1009, 'Socrate au pays des process', 1009, 2, 24),
(1010, 'Traité d\'économie hérétique', 1010, 2, 59),
(1011, 'Le monarque des ombres', 544, 2, 23),
(1012, 'Le sillon', 1012, 2, 1012),
(1013, 'Leurs enfants après eux', 1013, 2, 23),
(1014, 'Le labyrinthe des esprits', 177, 2, 23),
(1015, 'Deux sœurs', 213, 2, 35),
(1016, 'Le lambeau', 1016, 2, 35),
(1017, 'Le président des ultra-riches', 1017, 2, 1017),
(1018, 'Crépuscule', 1018, 2, 166),
(1019, 'Le plus grand défi de l\'histoire de l\'humanité', 1019, 2, 253),
(1020, 'La civilisation du poisson rouge', 1020, 2, 21),
(1021, 'La victoire des vaincus', 1021, 2, 614),
(1022, 'Le retour du jeune prince', 1022, 2, 1022),
(1023, 'Cannibale', 1023, 2, 32),
(1024, 'Le Horla', 359, 2, 1024),
(1025, 'Balzac et la petite Tailleuse chinoise', 27, 2, 32),
(1026, 'Des souris et des hommes', 902, 2, 32),
(1027, 'Madame Bovary', 1027, 2, 1024),
(1028, 'La Cousine Bette', 1028, 2, 861),
(1029, 'Les âmes fortes', 513, 2, 32),
(1030, 'Profession de foi du vicaire savoyard', 1030, 2, 861),
(1031, 'Faust au village', 513, 2, 1031),
(1032, 'Supplément au Voyage de Bougainville', 1032, 2, 1032),
(1033, 'Traité sur la tolérance', 1033, 2, 1033),
(1034, 'Personne ne bouge', 38, 2, 1034),
(1035, 'Ni vu ni connu', 38, 2, 1034),
(1036, 'Enfant de salaud', 517, 2, 21),
(1037, 'Les impatientes', 1037, 2, 281),
(1038, 'Les épreuves de la vie', 1038, 2, 54),
(1039, 'La ferme des animaux', 1039, 2, 32),
(1040, 'La déesse et le marchand', 1040, 2, 23),
(1041, 'La familia grande', 1041, 2, 49),
(1042, 'La Datcha', 966, 2, 1042),
(1043, 'Pour l\'amour d\'Elena', 91, 2, 1042),
(1044, 'Le nouveau modèle français', 1044, 2, 1044),
(1045, 'Les abeilles grises', 1045, 2, 938),
(1046, 'Retour à Killybegs', 517, 2, 1032),
(1047, 'Vernon Subutex-1', 1047, 2, 1032),
(1048, 'Une joie féroce', 517, 2, 1032),
(1049, 'Disparaitre', 29, 2, 1049),
(1050, 'La volonté', 1050, 2, 32),
(1051, 'Les sœurs d\'Auschwitz', 1051, 2, 281),
(1052, 'L\'enragé', 517, 2, 21),
(1053, 'La plus secrète mémoire des hommes', 1053, 2, 1032),
(1054, 'Le sang du temps', 1054, 2, 63),
(1055, 'Monsieur Henri', 1055, 2, 1055),
(1056, 'Dans la nuit blanche', 38, 2, 63),
(1057, 'Parasites', 1057, 2, 1057),
(1058, 'L\'épaisseur d\'un cheveu', 1058, 2, 50),
(1059, 'Eloge de l\'irrévérence', 1059, 2, 49),
(1060, 'Le droit d\'emmerder Dieu', 1060, 2, 49),
(1061, 'Triste tigre', 1061, 2, 689),
(1062, 'Traité sur l\'intolérance', 1060, 2, 49),
(1063, 'Le mage du Kremlin', 1063, 2, 32),
(1064, 'Les hirondelles de Kaboul', 91, 2, 63),
(1065, 'Le livre des sœurs', 50, 2, 1032),
(1066, 'l\'attentat', 91, 2, 63),
(1067, 'L\'alphabet du silence', 1067, 2, 1067),
(1068, 'Le silence et la colère', 285, 2, 1032),
(1069, 'Tous les silences ne font pas le même bruit', 1069, 2, 1069),
(1070, 'Une parole étouffée', 1070, 3, 495),
(1071, 'Au fil de l\'histoire', 1071, 3, 413),
(1072, 'La rivière espérance', 1072, 3, 76),
(1073, 'Belle alliance', 1073, 3, 21),
(1074, 'Le Noir et le Rouge', 1074, 3, 21),
(1075, 'Le juste pouvoir', 1075, 3, 65),
(1076, 'Le mariage blanc', 1076, 3, 21),
(1077, 'Lorelei', 1077, 3, 54),
(1078, 'Malevol', 416, 3, 35),
(1079, 'La fin des terroirs', 1079, 3, 59),
(1080, 'L\'enfant de sable', 716, 3, 54),
(1082, 'Remise de peine', 811, 3, 54),
(1083, 'Africa blues', 1083, 3, 1083),
(1084, 'Madame le proviseur', 1084, 3, 54),
(1085, 'Le montage', 574, 3, 29),
(1086, 'J\'étais là avant', 684, 3, 50),
(1087, 'Le marcheur du pôle', 1087, 3, 76),
(1088, 'En passant par la France', 1088, 3, 54),
(1089, 'Les lumières d\'Andernos', 1089, 3, 50),
(1090, 'Montesquieu le moderne', 1090, 3, 1090),
(1091, 'La billebaude', 1091, 3, 61),
(1092, 'Les aigles noirs', 581, 3, 76),
(1094, 'Lady Pacha', 1094, 3, 65),
(1095, 'Comme un fleuve dévorant', 1095, 3, 50),
(1096, 'Les blé deviennent paille', 1096, 3, 68),
(1097, 'Il n\'y a qu\'un amour', 1097, 3, 21),
(1098, 'Le tourment et la fatalité', 1098, 3, 33),
(1099, 'La belle Rochelaise', 1099, 3, 76),
(1100, 'Racontez-moi les flamboyants', 1073, 3, 21),
(1101, 'Le thé chez la comtesse', 1101, 3, 76),
(1102, 'La nuit de Calama', 1102, 3, 76),
(1103, 'Le chant de la voile', 1103, 3, 1103),
(1104, 'Vixen 03', 1104, 3, 76),
(1105, 'Adieu Moïse', 1105, 3, 22),
(1106, 'Où sont les lunettes', 706, 3, 24),
(1107, 'La duchesse', 1107, 3, 21),
(1108, 'Les aigles', 619, 3, 462),
(1109, 'Royaume de la nuit', 1109, 3, 136),
(1110, 'Le passeur de Solidarnosc', 1110, 3, 413),
(1111, 'Le pari Français', 1111, 3, 54),
(1112, 'Un taxi mauve', 1112, 3, 35),
(1113, 'L\'amour en face', 718, 3, 50),
(1114, 'Le crabe tambour', 1114, 3, 21),
(1115, 'Les compagnons du coquelicot', 918, 3, 24),
(1116, 'Pour une fois écoute mon enfant', 1116, 3, 50),
(1118, 'La gloire des vaincus', 918, 3, 24),
(1119, 'De la part de la princesse morte', 1119, 3, 76),
(1120, 'Le Shangaïé', 1120, 3, 65),
(1121, 'La Deltheillerie', 1121, 3, 21),
(1122, 'Youri', 918, 3, 24),
(1123, 'Chronique Japonaise', 1123, 3, 844),
(1124, 'L\'usage du monde', 1123, 3, 844),
(1125, 'Journal d\'Aran et d\'autres lieux', 1123, 3, 844),
(1126, 'Corps étranger', 183, 3, 50),
(1128, 'L\'école en accusation', 1128, 3, 50),
(1129, 'Sous le soleil de Toscane', 1129, 3, 111),
(1130, 'Les roses d\'avril', 1130, 3, 76),
(1131, 'Les espionnes du Xxème siècle', 1131, 3, 612),
(1132, 'Libération, fête folle', 1132, 3, 463),
(1133, 'Le gang du cancer', 645, 3, 50),
(1134, 'Vacances italiennes', 1134, 3, 663),
(1135, 'Le dossier noir du dopage', 1135, 3, 170),
(1136, 'La planche à voile', 1136, 3, 1136),
(1137, 'Gagner au tennis', 1137, 3, 22),
(1138, 'Le vélo rouge', 1138, 3, 21),
(1139, 'Big léon', 1139, 3, 170),
(1140, 'Tie Break', 1140, 3, 76),
(1141, 'Pourapprendre à jouer aux échecs', 1141, 3, 1141),
(1142, 'Lumière des ténèbres', 1142, 3, 35),
(1143, 'Qui a bu l\'eau du Nil', 1001, 3, 76),
(1145, 'La nuit s\'éveille', 737, 3, 50),
(1146, 'La belle Huguenotte', 1146, 3, 76),
(1147, 'Romandie', 1147, 3, 61),
(1148, 'Le rapport Gabriel', 439, 3, 35),
(1149, 'La grincheuse', 1149, 3, 50),
(1150, 'Tchipayuk ou le chemin du loup', 1150, 3, 413),
(1151, 'Le pas si lent de l\'amour', 476, 3, 21),
(1152, 'L\'affaire Crémonnière', 918, 3, 24),
(1153, 'Le prochain amour', 477, 3, 21),
(1154, 'Le clos du roi', 1154, 3, 428),
(1155, 'Mac Enroe est-il génial', 1155, 3, 495),
(1156, 'L\'état sauvage', 718, 3, 50),
(1157, 'Les étoiles de Compostelle', 1091, 3, 61),
(1158, 'Médecin de l\'aventure', 1158, 3, 76),
(1159, 'Les compagnons d\'éternité', 579, 3, 1159),
(1160, 'Les dames de Brières', 1160, 3, 50),
(1161, 'Rose des collines', 1161, 3, 65),
(1162, 'C\'est pas bientôt fini', 749, 3, 33),
(1163, 'Cyclo tourisme', 1163, 3, 76),
(1164, 'Le temps des carbec', 1164, 3, 50),
(1165, 'Vos enfants ne m\'intéressent plus', 1165, 3, 170),
(1166, 'Paradis perdu', 1164, 3, 50),
(1167, 'Le chien de Mao', 1107, 3, 21),
(1168, 'Vanda, la révolte des nonnes', 495, 3, 579),
(1169, 'Les larmes', 1169, 3, 24),
(1170, 'Le président', 1170, 3, 54),
(1171, 'l\'ile des seigneurs', 1171, 3, 495),
(1172, 'Le testatment', 1172, 3, 76),
(1173, 'Les premiers prefets de Maine et Loire', 1173, 3, 1173),
(1175, 'Les trois jours du cavalier', 1175, 3, 54),
(1176, 'Archives du nord', 1176, 3, 35),
(1177, 'Motif d\'art populaire européen', 1177, 3, 1177),
(1178, 'Un bouquet de violettes', 370, 3, 28),
(1180, 'Les grandes murailles', 1107, 3, 21),
(1181, 'Ces messieurs de Saint Malo', 1164, 3, 50),
(1182, 'L\'esclave de Dieu', 455, 3, 24),
(1183, 'Lettre ouverte aux parents des écoliers', 1183, 3, 50),
(1185, 'Je vis où je m\'attache', 1185, 3, 76),
(1186, 'Des affaires très spéciales', 1186, 3, 33),
(1187, 'Mon dernier rêve sera pour vous', 439, 3, 65),
(1188, 'Pigeon volant', 1188, 3, 76),
(1189, 'Les sabots d\'Angèle', 1096, 3, 794),
(1190, 'L\'archange de Vienne', 108, 3, 189),
(1191, 'Les enfants de l\'été', 1191, 3, 50),
(1192, 'Les oiseaux se cachent pour mourir', 409, 3, 22),
(1194, 'Trois républiques pour une France', 1194, 3, 50),
(1195, 'Les matins du Nouveau Monde', 1195, 3, 21),
(1196, 'Fort Saganne', 1196, 3, 54),
(1197, 'Detroit', 1197, 3, 50),
(1198, 'Claire Marvel', 1198, 3, 50),
(1199, 'Deux femmes en vue', 370, 3, 59),
(1200, 'Les mémés', 1200, 3, 413),
(1201, 'Chesapeake', 1201, 3, 54),
(1203, 'Alain DECAUX raconte 4', 1203, 3, 1203),
(1205, 'L\'ami lointain', 1205, 3, 35),
(1206, 'Le roman vrai de la Vème réépublique', 1206, 3, 29),
(1207, 'Romain Gary', 1097, 3, 95),
(1208, 'Sombre dimanche', 1208, 3, 50),
(1209, 'Le KGB en France', 1209, 3, 21),
(1210, 'Karen Blixen', 1210, 3, 428),
(1211, 'Israel La mort en face', 1211, 3, 76),
(1212, 'A moi seul bien des personnages', 49, 3, 54),
(1213, 'Les dossiers d\'interpol', 1213, 3, 640),
(1214, 'La révolte à deux sous', 470, 3, 50),
(1215, 'Divine', 1215, 3, 24),
(1216, 'Guide du nouveau savoir vivre', 1216, 3, 50),
(1217, 'Adieu Volodia', 1217, 3, 59),
(1218, 'Le système EPM', 1218, 3, 21),
(1219, 'Valse d\'automne Vienne 1888-89', 1219, 3, 50),
(1220, 'La grande course de Flanagan', 1220, 3, 76),
(1221, 'Black blood', 1221, 3, 33),
(1222, 'Les aigles fourdroyés', 172, 3, 76),
(1223, 'La valse inachevée', 279, 3, 1223),
(1224, 'Les gens heureux lisent et boivent du café', 966, 3, 253),
(1226, 'La seconde guerre mondaile', 1226, 3, 68),
(1227, 'La France des mensonges', 519, 3, 61),
(1228, 'Sentiers et randonnées des Landes', 1228, 3, 59),
(1229, 'La barynia', 918, 3, 24),
(1230, 'Nos enfants si gâtés', 370, 3, 59),
(1231, 'L\'adieu à la femme sauvage', 1231, 3, 28),
(1232, 'La dame d\'Abou Simbel', 420, 3, 76),
(1233, 'Anne Marie', 1107, 3, 21),
(1234, 'Mar Azul', 1234, 3, 95),
(1235, 'La trace du serpent', 1235, 3, 1235),
(1236, 'Chouans', 1236, 3, 1223),
(1237, 'La grande muraille', 1102, 3, 76),
(1238, 'Confidences', 914, 3, 29),
(1239, 'Le tunnel', 1239, 3, 29),
(1241, 'La chambre de Goethe', 1241, 3, 24),
(1242, 'Les canards de Ca Mao', 1242, 3, 76),
(1243, 'Les baies sauvages de Sibérie', 1243, 3, 413),
(1244, 'Entre chiens et loups', 1244, 3, 76),
(1246, 'Le crève cévenne', 393, 3, 33),
(1247, 'L\'OAS contre De Gaulle', 1247, 3, 59),
(1248, 'Les trois derniers chagrins du Général De Gaulle', 1248, 3, 21),
(1249, 'La vallée des rubis', 1249, 3, 35);
INSERT INTO `books` (`bk_id`, `bk_title`, `bk_author`, `bk_location`, `bk_editor`) VALUES
(1250, 'Les poneys sauvages', 1112, 3, 35),
(1251, 'le soleil et la roue', 1251, 3, 54),
(1252, 'Les barcelonnettes, les jardins de l\'Alameda', 1252, 3, 65),
(1253, 'La conquête du pôle nord', 1253, 3, 1253),
(1254, 'veilleur, où en est la nuit', 1254, 3, 54),
(1255, 'Mémoires d\'un lion', 1255, 3, 1203),
(1256, 'Pélagie la charrette', 1256, 3, 21),
(1257, 'L\'or de la Terre', 470, 3, 50),
(1258, 'Haute pierre', 73, 3, 413),
(1260, 'L\'adieu aux armées', 1260, 3, 50),
(1262, 'Un pur espion', 435, 3, 76),
(1263, 'Roger WYBOT et la bataille pour la DST', 1263, 3, 68),
(1264, 'Nostradamus hitorien et prophète', 1264, 3, 413),
(1265, 'Les guerriers d\'Allah', 1265, 3, 68),
(1266, 'Radieu les petits', 1266, 3, 413),
(1267, 'baby Jane', 28, 3, 28),
(1268, 'Retour en absurdie', 283, 3, 33),
(1269, 'Mémoires intimes', 1269, 3, 68),
(1270, 'Jules césar La violence et la passion', 409, 3, 1270),
(1271, 'La boss génération', 1271, 3, 1271),
(1272, 'Les moyens du bord', 1272, 3, 35),
(1273, 'Mes arches de Noe', 1112, 3, 579),
(1274, 'La France bancale', 1274, 3, 76),
(1275, 'Le livre des mondes oubliés', 1275, 3, 76),
(1276, 'Alain DECAUX raconte 1', 1203, 3, 1203),
(1277, 'De mers el Kébir à Londres', 1277, 3, 33),
(1278, 'Les allumettes suédoises', 1191, 3, 50),
(1279, 'L\'après Yalta', 125, 3, 33),
(1280, 'Kamouraska', 1280, 3, 54),
(1281, 'L\'homme qui marchait dans sa tête', 1281, 3, 24),
(1282, 'La baleine des malouines', 367, 3, 29),
(1283, 'Kabris', 1283, 3, 65),
(1284, 'Peindre les arbres', 1284, 3, 1284),
(1285, 'Lettre ouverte d\'un chien à François Mitterrand au nom de la liberté d\'aboyer', 645, 3, 50),
(1287, 'L\'iglou', 1287, 3, 28),
(1288, 'Les œufs de Pâques', 189, 3, 189),
(1289, 'Tant et plus', 519, 3, 21),
(1290, 'Affaires extérieures', 1290, 3, 24),
(1291, 'L\'école des Jocrisses', 558, 3, 24),
(1292, 'Le vent du soir', 439, 3, 413),
(1293, 'Agaat', 1293, 3, 35),
(1294, 'Les invasions quotidiennes', 144, 3, 63),
(1295, 'Echapper', 29, 3, 29),
(1297, 'Toi que j\'aimais tant', 737, 3, 50),
(1298, 'La dame du Nil', 1298, 3, 457),
(1299, 'un chemin d\'espoir', 1299, 3, 59),
(1303, 'Le tour de France en 100 histoires extraordinaires', 1303, 3, 1303),
(1304, 'La fille du train', 1304, 3, 1304),
(1305, 'L\'amour et les forêts', 1305, 3, 35),
(1306, 'Le voyant', 1306, 3, 35),
(1307, 'Pardonnable, impardonnable', 1307, 3, 65),
(1308, 'Je me suis tue', 1308, 3, 21),
(1309, 'La gaieté', 622, 3, 28),
(1310, 'La vie est facile ne t\'inquiète pas', 966, 3, 253),
(1311, 'Amours', 62, 3, 64),
(1312, 'L\'immeuble des femmes qui ont renoncéé aux hommes', 1312, 3, 181),
(1313, 'Il faut tenter de vivre', 1313, 3, 28),
(1314, 'Un amour impossible', 57, 3, 24),
(1315, 'Amerika', 1315, 3, 35),
(1316, 'Temps glaciaires', 281, 3, 24),
(1317, 'La maison Ipatiev', 1317, 3, 1270),
(1318, '1084 Livre 1 Avril Juin', 1318, 3, 22),
(1319, 'Une part de ciel', 26, 3, 23),
(1321, 'Mr Gwyn', 1321, 3, 35),
(1322, 'Elle marchait sur un fil', 153, 3, 54),
(1323, 'La grande embrouille', 386, 3, 54),
(1324, 'En finir avec Eddy Bellegueule', 936, 3, 54),
(1325, 'Garde tes larmes pour plus tard', 1325, 3, 35),
(1326, 'Qu\'attendent les singes', 91, 3, 29),
(1327, 'Adultère', 605, 3, 24),
(1328, 'Notre vie, disent-ils', 384, 3, 59),
(1329, 'Ne pars pas avant moi', 800, 3, 35),
(1330, 'Le bleu de la nuit', 1330, 3, 21),
(1331, 'Personne ne peut arrêter une fille qui rêve', 1331, 3, 1223),
(1332, 'Le liseur du 6h27', 940, 3, 166),
(1334, 'Fanfan', 47, 3, 24),
(1335, 'Pourquoi être heureux quand on peut être normal', 1335, 3, 197),
(1336, 'Deux petits pas sur le sable mouillé', 1336, 3, 1336),
(1337, 'Fontamara', 1337, 3, 21),
(1338, 'On ne voyait que le bonheur', 65, 3, 65),
(1339, 'Charlotte', 1339, 3, 35),
(1340, 'Trop', 42, 3, 1340),
(1341, 'Journal d\'un curé de campagne', 1341, 3, 1341),
(1342, 'Les trois mousquetaires', 1342, 3, 861),
(1343, 'Les choses de la vie', 1343, 3, 32),
(1344, 'Travaux (les Desmichels)', 1344, 3, 281),
(1345, 'L\'embellie', 393, 3, 181),
(1346, 'Le vol du Faucon', 1346, 3, 181),
(1347, 'Fleuve', 1344, 3, 181),
(1348, 'La maison sous la mer', 1348, 3, 281),
(1349, 'Le tambour du bief', 470, 3, 281),
(1350, 'Malataverne', 470, 3, 281),
(1351, 'Mort en fraude', 1351, 3, 181),
(1352, 'La superbe', 1352, 3, 181),
(1353, 'Un singe en hiver', 1353, 3, 181),
(1354, 'Tendre été', 1354, 3, 181),
(1355, 'Que ma joie demeure', 513, 3, 181),
(1356, 'Capitaine West', 1356, 3, 181),
(1357, 'Journal à quatre mains', 1357, 3, 181),
(1358, 'Le sac et la cendre', 918, 3, 181),
(1359, 'La gloire et les périls', 416, 3, 181),
(1360, 'Le massacre des innocents', 470, 3, 281),
(1362, 'Les ambassades', 1362, 3, 281),
(1363, 'Roméo et juliette', 919, 3, 1363),
(1364, 'Tous n\'étaient pas des anges', 1249, 3, 1341),
(1365, 'Mémoires d\'une jeune fille rangée', 1365, 3, 32),
(1366, 'Le prince des marées 1', 1366, 3, 281),
(1367, 'L\'homme au masque blanc', 1367, 3, 1341),
(1368, 'Aurélien', 310, 3, 181),
(1369, 'Le voyage du père', 470, 3, 281),
(1370, 'Back Street', 1370, 3, 281),
(1371, 'Tu récolteras la tempête', 1351, 3, 181),
(1372, 'Le docteur Givago', 1372, 3, 32),
(1373, 'La tristesse du samourai', 1373, 3, 1373),
(1374, 'mon doudou divin', 193, 3, 233),
(1375, 'La fin n\'est que le début', 193, 3, 233),
(1376, 'Le secret', 1376, 3, 233),
(1377, 'Dans l\'or du temps', 26, 3, 233),
(1378, 'Les suprêmes', 1378, 3, 233),
(1380, 'L\'adversaire', 86, 3, 32),
(1381, 'Les vieilles', 1381, 3, 32),
(1382, 'La ferme des Neshov', 1382, 3, 340),
(1383, 'La dernière valse de Mathilda', 1383, 3, 1383),
(1384, 'Comme un vol d\'aigles', 1384, 3, 181),
(1385, 'Ne t\'éloigne pas', 25, 3, 63),
(1386, 'L\'hiver du monde', 1384, 3, 181),
(1387, 'Les piliers de la terre', 1384, 3, 181),
(1388, 'Sable mouvant', 208, 3, 54),
(1389, 'D\'après une histoire vraie', 186, 3, 65),
(1390, 'La cache', 1390, 3, 28),
(1391, 'Les ennemis de la vie ordinaire', 1391, 3, 24),
(1392, 'La lionne blanche', 208, 3, 1392),
(1393, 'L\'homme qui souriait', 208, 3, 1392),
(1394, 'La renverse', 38, 3, 24),
(1395, 'Les passants de Lisbonne', 103, 3, 29),
(1396, 'Péchés capitaux', 1396, 3, 24),
(1397, 'Désolée je suis attendue', 966, 3, 253),
(1398, 'Un paradis trompeur', 208, 3, 49),
(1399, 'La pudeur des sentiments', 1399, 3, 1235),
(1400, 'Ce pays qui te ressemble', 1400, 3, 28),
(1401, '7', 140, 3, 35),
(1402, 'Lointaines merveilles', 1402, 3, 1402),
(1403, 'La chamade', 41, 3, 63),
(1404, 'Dieu n\'habite pas La Havane', 91, 3, 29),
(1405, 'Petit Pays', 1405, 3, 21),
(1406, 'L\'insouciance', 1406, 3, 35),
(1407, 'Il est avantageux d\'avoir où aller', 86, 3, 689),
(1408, 'Les nouveaux amants', 47, 3, 21),
(1409, 'L\'amie prodigieuse', 1409, 3, 32),
(1410, 'Le nouveau nom', 1409, 3, 32),
(1411, 'L\'imposteur', 544, 3, 23),
(1412, 'Article 353 du code pénal', 961, 3, 473),
(1413, 'La messe anniversaire', 38, 3, 1413),
(1414, 'Chamelle', 1414, 3, 181),
(1415, 'Poids léger', 38, 3, 49),
(1416, 'Les cygnes de la cinquième avenue', 1416, 3, 50),
(1417, 'Quand sort la recluse', 281, 3, 24),
(1418, 'Le chardonneret', 1418, 3, 63),
(1419, 'Le manoir de Tyneford', 1419, 3, 181),
(1420, 'Moura, la mémoire incendiée', 397, 3, 63),
(1421, 'L\'énigme de Saint-Olav', 1421, 3, 1373),
(1422, 'Bakhita', 52, 3, 50),
(1423, 'La beauté des jours', 26, 3, 23),
(1424, 'Ils vont tuer Robert Kennedy', 1050, 3, 35),
(1425, 'La disparition de Joseph Mengele', 1425, 3, 21),
(1426, 'Mémé dans les orties', 1426, 3, 181),
(1427, 'Un personnage de roman', 103, 3, 29),
(1428, 'Ces rêves qu\'on piétine', 1428, 3, 1428),
(1429, 'La serpe', 1429, 3, 29),
(1430, 'Celle qui fuit et celle qui reste', 1409, 3, 32),
(1431, 'J\'ai perdu Albert', 183, 3, 50),
(1432, 'A la lumière du petit matin', 966, 3, 253),
(1433, 'Vers la beauté', 1339, 3, 35),
(1434, 'L\'archipel du chien', 34, 3, 28),
(1435, 'Rien où poser sa tête', 1435, 3, 32),
(1436, 'Le bruit des choses qui commencent', 1436, 3, 50),
(1437, 'Dernière danse', 737, 3, 50),
(1438, 'Les ombres de Montelupo', 1438, 3, 1438),
(1439, 'Un été avec Homère', 1439, 3, 1439),
(1440, 'Bitna, sous le soleil de Séoul', 388, 3, 28),
(1441, '4321', 70, 3, 23),
(1442, 'L\'art de perdre', 1208, 3, 24),
(1443, 'La tête sous l\'eau', 38, 3, 76),
(1444, 'Dix-sept ans', 1444, 3, 35),
(1445, 'Grand-frère', 1445, 3, 1445),
(1446, 'Khalil', 91, 3, 29),
(1447, 'Reviens', 1447, 3, 21),
(1448, 'Le vol du gerfaut', 1448, 3, 1448),
(1449, 'Idiotie', 1449, 3, 21),
(1450, 'Patria', 1450, 3, 23),
(1451, 'Gare à Lou!', 87, 3, 29),
(1452, 'L\'enfant perdue', 1409, 3, 32),
(1453, 'Le goût des pépins de pomme', 1453, 3, 1453),
(1454, 'Confidence pour confidence', 1454, 3, 35),
(1455, 'Mais tu as tout pour être heureuse', 706, 3, 24),
(1456, 'La note secrète', 1456, 3, 23),
(1457, 'Les frères Lehman', 1457, 3, 1457),
(1458, 'La mélancolie du dimanche', 205, 3, 50),
(1459, 'L\'institutrice', 1459, 3, 33),
(1460, 'Couleur du temps', 108, 3, 35),
(1461, 'Les messieurs de Bruxelles', 92, 3, 50),
(1462, 'Le dernier qui part ferme la maison', 480, 3, 21),
(1463, 'L\'état du ciel', 248, 3, 35),
(1465, 'Fugitive parce que reine', 1465, 3, 32),
(1466, 'En attendant Eden', 1466, 3, 318),
(1468, 'Orlov la nuit', 1468, 3, 35),
(1469, 'Petite Poucette', 1469, 3, 1469),
(1470, 'Mon Père', 65, 3, 65),
(1471, 'L\'outrage fait à Sarah Ikker', 91, 3, 29),
(1472, 'Zero de conduite', 1472, 3, 281),
(1473, 'transparence', 1050, 3, 35),
(1474, 'La vraie vie', 1474, 3, 1069),
(1475, 'Le soleil des rebelles', 1475, 3, 63),
(1476, 'Une colonne de feu', 1384, 3, 181),
(1477, 'La caste', 1477, 3, 614),
(1478, 'Algorithmes, la bombe à retardement', 1478, 3, 1336),
(1479, 'Théorie de la dictature', 1472, 3, 76),
(1480, 'Une poignée de gens', 263, 3, 35),
(1482, 'La fille du Gobernator', 1454, 3, 35),
(1483, 'Une relation dangereuse', 1483, 3, 22),
(1484, 'Bonne nuit doux prince', 1484, 3, 95),
(1486, 'Une vie', 1486, 3, 28),
(1487, 'Mémoire d\'un ange', 1484, 3, 95),
(1488, 'La personne de confiance', 183, 3, 50),
(1489, 'L\'extase du selfie', 153, 3, 54),
(1490, 'Des vies possibles', 1490, 3, 54),
(1492, 'Se taire', 144, 3, 29),
(1493, 'La femme qui tuait les hommes', 398, 3, 63),
(1494, 'Idiss', 1494, 3, 1032),
(1495, 'Au nom du bien', 1495, 3, 318),
(1496, 'Partie de Badminton', 38, 3, 24),
(1497, 'Les inéquitables', 107, 3, 35),
(1498, 'Nous étions nés pour être heureux', 29, 3, 29),
(1499, 'La symphonie du hasard', 78, 3, 1499),
(1500, 'Etrangers dans la nuit', 803, 3, 21),
(1502, 'Grandeur du petit peuple', 1472, 3, 50),
(1504, 'Retour à Birkenau', 1504, 3, 21),
(1505, 'Que faire des cons', 1505, 3, 24),
(1506, 'Histoire de ta bêtise', 114, 3, 1506),
(1507, 'Tous les hommes n\'habitent pas le monde de la même façon', 617, 3, 106),
(1508, 'La force du sexe faible', 1472, 3, 463),
(1509, 'On ne meurt pas d\'amour', 1509, 3, 33),
(1510, 'Les luttes de classes en France au XX1ème siècle', 1510, 3, 54),
(1511, 'Les optimistes', 1511, 3, 1402),
(1512, 'L\'espoir', 512, 3, 32),
(1514, 'Sept garçons', 263, 3, 35),
(1515, 'La servante insoumise', 1515, 3, 54),
(1516, 'Derrière les portes closes', 1516, 3, 21),
(1517, 'L\'irrésolu', 538, 3, 50),
(1520, 'Pleurnichard', 1520, 3, 49),
(1521, 'L\'amour harcelant', 1409, 3, 32),
(1522, 'Ciao Bella', 1522, 3, 63),
(1523, 'Rhapsodie des oubliés', 1523, 3, 1523),
(1524, 'Je ne répondrai plus jamais de rien', 1524, 3, 28),
(1525, 'Trois femmes', 1525, 3, 253),
(1526, 'Les charmes discrets de la vie conjugale', 78, 3, 22),
(1527, 'L\'Africaine', 533, 3, 22),
(1528, 'Le réseau Corneille', 1384, 3, 76),
(1529, 'La part de l\'aube', 1529, 3, 1453),
(1530, 'La vie ordinaire', 1530, 3, 35),
(1532, 'L\'île sous la mer', 530, 3, 21),
(1533, 'L\'île Madame', 672, 3, 170),
(1534, 'Les amants de Venise', 1534, 3, 33),
(1535, 'Dissolution', 1535, 3, 22),
(1536, 'La cité des dieux sauvages', 530, 3, 21),
(1537, 'Pour un collier de saphirs', 1537, 3, 1270),
(1538, 'Valentine ou letemps des adieux', 1538, 3, 22),
(1539, 'Le charme des liaisons', 370, 3, 59),
(1540, 'L\'offrande sauvage', 1540, 3, 21),
(1541, 'Je ne suis pas seul à être seul', 42, 3, 65),
(1542, 'Les quatre coins du cœur', 41, 3, 1042),
(1543, 'Dernière sommation', 1543, 3, 49),
(1544, 'Yoga', 86, 3, 689),
(1545, 'Putzy', 1545, 3, 35),
(1546, 'Gran Balan', 1546, 3, 33),
(1547, 'Mali, ô mali', 77, 3, 28),
(1548, 'Ritournelle de la faim', 388, 3, 35),
(1549, 'L\'anomalie', 1549, 3, 35),
(1550, 'Ci-gît l\'amer', 1550, 3, 35),
(1551, 'Beyrouth 2020', 1490, 3, 23),
(1552, 'Histoire du fils', 1552, 3, 1552),
(1553, 'Sommes nous encore en démocratie', 1553, 3, 1553),
(1554, 'Apocalypse cognitive', 1554, 3, 1554),
(1555, 'Le consentement', 1555, 3, 1032),
(1556, 'Et le bien dans tout ça ?', 1556, 3, 28),
(1557, 'Il est où le bonheur', 1557, 3, 1557),
(1558, 'Les choses humaines', 1406, 3, 32),
(1559, 'L\'économie de la vie', 384, 3, 59),
(1560, 'Le métier de mourir', 1560, 3, 21),
(1561, 'Le cœur synthétique', 288, 3, 1561),
(1562, 'Ce qu\'il faut de nuit', 1562, 3, 1562),
(1563, 'Ame brisée', 1563, 3, 35),
(1564, 'Abattre l\'ennemi', 1018, 3, 253),
(1565, 'Nature humaine', 953, 3, 24),
(1566, 'L\'archipel français', 1566, 3, 49),
(1567, 'Miroir de nos peines', 285, 3, 50),
(1568, 'Leur progrès et le notre', 1557, 3, 54),
(1569, 'Comment ne pas être esclave du système', 1569, 3, 1044),
(1570, 'Avalanche hotel', 1570, 3, 1032),
(1571, 'Prédations', 1477, 3, 614),
(1572, 'Les oubliés du dimanche', 1572, 3, 1032),
(1573, 'Journal de ma disparition', 1573, 3, 1032),
(1574, 'Soumission', 48, 3, 24),
(1575, 'Mémoire d\'un vieux con', 1575, 3, 457),
(1576, 'Tout ce qu\'il ne faut pas dire', 1576, 3, 33),
(1577, 'L\'absolue perfection du crime', 961, 3, 1577),
(1578, 'Insoupçonnable', 961, 3, 1577),
(1579, 'Les roches rouges', 38, 3, 63),
(1580, 'Icebergs', 961, 3, 473),
(1581, 'Le black note', 961, 3, 473),
(1582, 'Traité d\'athéologie', 1472, 3, 21),
(1583, 'Lettre à Lucilius', 1583, 3, 1583),
(1584, 'Ils attendaient l\'aurore', 1102, 3, 76),
(1585, 'Hasard (Angoli Mala)', 388, 3, 35),
(1587, 'Le pays des autres', 952, 3, 32),
(1588, 'L\'espionne de Tanger', 1588, 3, 76),
(1589, 'Avant de te dire adieu', 737, 3, 50),
(1591, 'De l\'autre côté de l\'eau', 1591, 3, 1591),
(1592, 'En avant toutes', 1592, 3, 1032),
(1593, 'S\'adapter', 1593, 3, 28),
(1594, 'Leçons d\'un siècle de vie', 1594, 3, 61),
(1595, 'Ca va aller', 1595, 3, 61),
(1596, 'Toutes ces idées qui nous gâchent la vie', 1596, 3, 65),
(1597, 'Le géant inachevé', 1023, 3, 1597),
(1598, 'Sérotonine', 48, 3, 281),
(1599, 'La panthère des neiges', 1439, 3, 32),
(1600, 'Le fils de l\'homme', 1600, 3, 35),
(1601, '1984', 1601, 3, 32),
(1602, 'Le chercheur d\'or', 388, 3, 35),
(1603, 'Longues peines', 87, 3, 1042),
(1604, 'Tout peut s\'oublier', 38, 3, 281),
(1605, 'La commode aux tiroirs de couleurs', 1605, 3, 1032),
(1606, 'Fille', 1606, 3, 32),
(1607, 'La vie mensongère des adultes', 1409, 3, 32),
(1608, 'Foutriquet', 1472, 3, 50),
(1609, 'Les mémoires d\'un chat', 1609, 3, 233),
(1610, 'La fracture', 1610, 3, 340),
(1611, 'Le jeune homme', 453, 3, 35),
(1612, 'La fille qu\'on appelle', 961, 3, 473),
(1613, 'Crénom, Baudelaire !', 87, 3, 281),
(1614, 'La décision', 1406, 3, 35),
(1615, 'Reprendre le pouvoir', 1615, 3, 1003),
(1616, 'Les faux jetons', 1616, 3, 59),
(1617, 'La ligne jaune', 1615, 3, 44),
(1618, 'Les fossoyeurs', 1618, 3, 59),
(1619, 'Le choix de Suzanne', 1619, 3, 153),
(1620, 'Interdit', 1406, 3, 1032),
(1621, 'Domination', 1406, 3, 1032),
(1622, 'Fleur de tonnerre', 87, 3, 1042),
(1623, 'Tout sur mon frère', 1406, 3, 1032),
(1624, 'L\'inconnu de la poste', 243, 3, 49),
(1625, 'Six moix six jours', 1406, 3, 1032),
(1626, 'Héloïse, ouille!', 87, 3, 1042),
(1627, 'Douce France', 1406, 3, 1032),
(1628, 'Quand j\'étais drôle', 1406, 3, 1032),
(1629, 'Les vertueux', 91, 3, 1049),
(1630, 'L\'invention de nos vies', 1406, 3, 1032),
(1631, 'Le jongleur de nuages', 461, 3, 24),
(1632, 'Dessous les roses', 38, 3, 24),
(1633, 'Impunité', 1633, 3, 54),
(1634, 'Chien 51', 30, 3, 23),
(1635, 'Vivre vite', 1635, 3, 24),
(1636, 'La dépendance', 1636, 3, 35),
(1637, 'Comment font les gens', 1637, 3, 28),
(1638, 'La Treizième heure', 1638, 3, 689),
(1639, 'L\'ignorance', 441, 3, 32),
(1640, 'L\'âge de détruire', 1640, 3, 473),
(1641, 'L\'usure d\'un monde', 1641, 3, 35),
(1642, 'Une brève histoire de l\'égalité', 1642, 3, 49),
(1644, 'Terminus Malussène', 221, 3, 35),
(1645, 'Ton absence n\'est que ténèbres', 1645, 3, 21),
(1646, 'Vernon Subutex Tome 2', 1047, 3, 1032),
(1647, 'Vernon Subutex Tome 3', 1047, 3, 1032),
(1648, 'Le méprisant de la république', 1648, 3, 978),
(1649, 'Les vraies gens', 1649, 3, 1032),
(1650, 'Numéro deux', 1339, 3, 32),
(1651, 'Le tatoueur d\'Auschwitz', 1051, 3, 281),
(1652, 'La tresse', 1652, 3, 1032),
(1653, 'D\'argent et de sang', 1653, 3, 49),
(1654, 'Successions', 1654, 3, 1032),
(1655, 'Les infiltrés', 1655, 3, 49),
(1657, 'La vie heureuse', 1339, 3, 35),
(1658, 'Mal travail, le choix des élites', 1557, 3, 1557),
(1659, 'Ceci n\'est pas un fait divers', 103, 3, 63),
(1660, 'Pêcheur de perles', 1660, 3, 35),
(1661, 'La défaite de l\'occident', 1510, 3, 35),
(1662, 'Veillez sur elle', 1662, 3, 1069),
(1663, 'Du mensonge à la violence', 1663, 3, 1032),
(1664, 'Comment ça va pas ?', 1664, 3, 21),
(1665, 'V13, chronique judiciaire', 86, 3, 32),
(1667, 'L\'execution', 1494, 3, 1032),
(1668, 'Vivre avec nos morts', 1664, 3, 1032),
(1669, 'Madame HAYAT', 1669, 3, 233),
(1670, 'Réflexions sur la question antisémite', 1664, 3, 1032),
(1671, '555', 1671, 3, 32),
(1672, 'D\'or et de jungle', 24, 3, 1223),
(1673, 'Les deux messieurs de Bruxelles', 92, 3, 50),
(1676, 'Les trouble-fête', 1676, 3, 21),
(1677, 'L\'incendie de Copenhague', 1677, 3, 50),
(1678, 'Les flammes de Pierre', 24, 3, 32),
(1679, 'La peur', 249, 3, 1032),
(1680, 'La fille de Deauville', 1680, 3, 1032),
(1681, 'La pouponnière d\'Himmler', 1681, 3, 35),
(1682, 'Perdre', 1682, 3, 1682),
(1683, 'Cinq petits indiens', 1683, 3, 54),
(1684, 'Le nom sur le mur', 1549, 3, 35),
(1685, 'La sieste assassinée', 153, 3, 32),
(1686, 'Combats et métamorphose d\'une femme', 936, 3, 49),
(1687, 'Moi Tituba sorcière', 1687, 3, 32),
(1688, 'Humus', 1688, 3, 1428),
(1689, 'Les insolents', 1689, 3, 1223),
(1690, 'S\'en aller', 1690, 3, 35),
(1691, 'Ce que je sais de toi', 1691, 3, 1445),
(1692, 'Il ne se passe jamais rien ici', 38, 3, 24),
(1693, 'Passeport diplomatique', 1693, 3, 1032),
(1694, 'Ce qui vient après', 1694, 3, 1694),
(1695, 'Où vont les larmes quand elles sèchent', 1069, 3, 1067),
(1696, 'La patience du diable', 1054, 3, 1042),
(1697, 'Cœur d\'amande', 91, 3, 1049),
(1698, 'Les derniers jours du parti socialiste', 1698, 3, 54),
(1699, 'Le rêve du jaguar', 1699, 3, 690),
(1700, 'Le talent est une fiction', 1700, 3, 65),
(1701, 'Hotel Roma', 1701, 3, 35),
(1702, 'Jacaranda', 1405, 3, 21),
(1703, 'Houris', 1703, 3, 35),
(1704, 'La moitié de l\'âme', 1704, 3, 54),
(1705, 'Acide sulfurique', 50, 3, 50),
(1706, 'Un hosanna sans fin', 439, 3, 32),
(1707, 'La petite menteuse', 1707, 3, 1069),
(1708, 'Six degrés de liberté', 1708, 3, 54),
(1709, 'Espelette les piments de la colère', 1709, 3, 1709),
(1710, 'Histoire d\'un allemand', 1710, 3, 233),
(1711, 'Anéantir', 48, 3, 281),
(1712, 'Les ingénieurs du chaos', 1063, 3, 1712),
(1713, 'L\'heure des prédateurs', 1063, 3, 35),
(1714, 'La vie a-t-elle une valeur', 1714, 3, 1714),
(1715, 'Piege à loup', 1715, 3, 1715),
(1716, 'Si on dansait', 1716, 3, 63),
(1717, 'Une histoire de la conquête spatiale', 1717, 3, 1717),
(1718, 'Un nid de mensonges', 616, 3, 68),
(1720, 'Le milliardaire', 1720, 3, 21);

-- --------------------------------------------------------

--
-- Structure de la table `dblog`
--

DROP TABLE IF EXISTS `dblog`;
CREATE TABLE IF NOT EXISTS `dblog` (
  `id` int(11) NOT NULL AUTO_INCREMENT,
  `message` varchar(255) COLLATE utf8mb4_unicode_ci NOT NULL,
  `severity` int(11) NOT NULL,
  `logtime` datetime NOT NULL,
  `module` varchar(255) COLLATE utf8mb4_unicode_ci NOT NULL,
  `utctime` datetime NOT NULL,
  `action` varchar(64) COLLATE utf8mb4_unicode_ci DEFAULT NULL,
  `useremail` varchar(64) COLLATE utf8mb4_unicode_ci DEFAULT NULL,
  PRIMARY KEY (`id`)
) ENGINE=InnoDB DEFAULT CHARSET=utf8mb4 COLLATE=utf8mb4_unicode_ci;

-- --------------------------------------------------------

--
-- Structure de la table `editors`
--

DROP TABLE IF EXISTS `editors`;
CREATE TABLE IF NOT EXISTS `editors` (
  `ed_id` int(11) NOT NULL AUTO_INCREMENT,
  `ed_name` varchar(45) COLLATE utf8mb4_unicode_ci NOT NULL,
  PRIMARY KEY (`ed_id`),
  UNIQUE KEY `IDX_EDITORS` (`ed_name`) USING BTREE
) ENGINE=InnoDB AUTO_INCREMENT=1718 DEFAULT CHARSET=utf8mb4 COLLATE=utf8mb4_unicode_ci;

--
-- Déchargement des données de la table `editors`
--

INSERT INTO `editors` (`ed_id`, `ed_name`) VALUES
(340, '10/18'),
(180, '100% FACILE'),
(922, '1000'),
(182, '1065'),
(921, '1138/1139'),
(854, '13650'),
(903, '1473'),
(897, '1521'),
(847, '21002'),
(869, '25'),
(905, '3282'),
(1033, '3870'),
(930, '460'),
(888, '4668'),
(1583, '63'),
(23, 'ACTES SUD'),
(1438, 'AGUILLO'),
(559, 'ALAIN MOREAU'),
(50, 'ALBIN MICHEL'),
(830, 'ALINEA'),
(1044, 'ALLARY EDITIONS'),
(1682, 'ALLIA'),
(259, 'ALMA'),
(376, 'ANNE CARRÈRE'),
(1453, 'ANNE CARRIÈRE'),
(1383, 'ARCHI POCHE'),
(455, 'ARTHAUD'),
(166, 'AU DIABLE VAUVERT'),
(463, 'AUTREMENT'),
(233, 'BABEL'),
(1373, 'BABEL NOIR'),
(457, 'BALLAND'),
(466, 'BARRAULT'),
(60, 'BAYARD'),
(22, 'BELFOND'),
(1103, 'BIBLIOTHÈQUE DE L\'AMITIÉ'),
(1141, 'BORNEMANN'),
(152, 'BUCHET CHASTEL'),
(1552, 'BUCHET-CHASTEL'),
(289, 'CAIRN'),
(1223, 'CALMANN LÉVY'),
(112, 'CALMANN-LEVY'),
(1173, 'CHEMINEMENTS'),
(147, 'CINQ SENS'),
(1022, 'CITY EDITIONS'),
(539, 'CRITÉRION'),
(242, 'DE BORÉE'),
(189, 'DE FALLOIS'),
(61, 'DENOËL'),
(1177, 'DESSAIN ET TOLRA'),
(1271, 'DUNOD'),
(1413, 'ECOLE DES LOISIRS'),
(640, 'EDITION N°1'),
(134, 'EDITIONS D\'ORGANISATION'),
(692, 'EDITIONS DE FALLOIS'),
(1007, 'EDITIONS DE L\'OBSERVATOIRE'),
(106, 'EDITIONS DE L\'OLIVIER'),
(1523, 'EDITIONS DE LA MARTINIÈRE'),
(712, 'EDITIONS DE LA SINE'),
(256, 'EDITIONS DE MINUIT'),
(101, 'EDITIONS DES DEUX TERRES'),
(1439, 'EDITIONS DES ÉQUATEURS'),
(757, 'EDITIONS DU PANAMA'),
(462, 'EDITIONS DU ROCHER'),
(80, 'EDITIONS DU ROUERGUE'),
(1159, 'EDITIONS FRANÇOIS BOURIN'),
(626, 'EDITIONS N°1'),
(743, 'EDITIONS ODILE JACOB'),
(126, 'EDITIONS UNIVERSITAIRES'),
(901, 'ELLIPSES'),
(680, 'EMPREINTE'),
(892, 'ESSAIS'),
(981, 'EYROLLES'),
(132, 'FABER AND FABER'),
(59, 'FAYARD'),
(1253, 'FERNAND NATHAN'),
(1561, 'FICTION ET CIE/SEUIL'),
(188, 'FIRST'),
(1303, 'FIRST EDITIONS'),
(794, 'FIXOT'),
(24, 'FLAMMARION'),
(136, 'FLEUVE NOIR'),
(32, 'FOLIO'),
(1712, 'FOLIO ACTUEL'),
(1024, 'FOLIO CLASSIQUE'),
(1597, 'FOLIO POLICIER'),
(612, 'FRANCE EMPIRE'),
(413, 'FRANCE LOISIRS'),
(434, 'FRANCE-EMPIRE'),
(193, 'GAÏA'),
(35, 'GALLIMARD'),
(318, 'GALLMEISTER'),
(438, 'GERARD DE VILLIERS'),
(861, 'GF'),
(822, 'GLÉNAT'),
(1457, 'GLOBE'),
(254, 'GRAND MIROIR'),
(21, 'GRASSET'),
(1363, 'GRÜND'),
(170, 'HACHETTE'),
(127, 'HACHETTE LITTÉRATURE'),
(1448, 'HC ÉDITIONS'),
(75, 'HELOISE D\'ORMESSON'),
(676, 'IMAGES'),
(44, 'INDIGÈNE'),
(281, 'J\'AI LU'),
(43, 'JACQUELINE CHAMBON'),
(401, 'JACQUES BERTOIN'),
(535, 'JACQUES GRANCHER'),
(65, 'JC LATTES'),
(398, 'JCLATTES'),
(215, 'JETS D\'ENCRE'),
(29, 'JULLIARD'),
(1270, 'L\'ARCHIPEL'),
(153, 'L\'ARPENTEUR'),
(1034, 'L\'ÉCOLE DES LOISIRS'),
(1069, 'L\'ICONOCLASTE'),
(1031, 'L\'IMAGINAIRE GALLIMARD'),
(1553, 'L\'OBSERVATOIRE'),
(197, 'L\'OLIVIER'),
(627, 'LA BRUNE AU ROUERGUE'),
(614, 'LA DÉCOUVERTE'),
(1340, 'LA DIFFÉRENCE'),
(1717, 'LA FABRIQUE EDITIONS'),
(554, 'LA FOSSE AUX OURS'),
(516, 'LA JEUNE PARQUE'),
(1562, 'LA MANUFACTURE DE LIVRE'),
(579, 'LA TABLE RONDE'),
(976, 'LE BORD DE L\'EAU'),
(1715, 'LE BRUIT DU MONDE'),
(661, 'LE CARROUSEL'),
(408, 'LE CRI'),
(79, 'LE DILETTANTE'),
(1032, 'LE LIVRE DE POCHE'),
(1469, 'LE POMMIER MANIFESTE'),
(545, 'LE PRÉ AUX CLERCS'),
(717, 'LE TEMPS PARALLÈLE'),
(1012, 'LE TRIPODE'),
(1336, 'LES ARÈNES'),
(1428, 'LES ÉDITIONS DE L\'OBSERVATOIRE'),
(473, 'LES ÉDITIONS DE MINUIT'),
(1402, 'LES ESCALES'),
(1057, 'LES LIEN QUI LIBÈRENT'),
(1557, 'LES LIENS QUI LIBÈRENT'),
(371, 'LES PRESSES DU MANAGEMENT'),
(938, 'LIANA LEVI'),
(181, 'LIVRE DE POCHE'),
(1003, 'LLL'),
(491, 'LONDREYS'),
(1083, 'MANYA'),
(36, 'MARABOUT'),
(133, 'MAX MILO EDITIONS'),
(1235, 'MAZARINE'),
(95, 'MERCURE DE FRANCE'),
(40, 'MÉTAILLIÉ'),
(693, 'METALLIÉ'),
(1049, 'MIALET BARRAULT'),
(71, 'MICHALON'),
(253, 'MICHEL LAFON'),
(320, 'MILLE ET UNE NUITS'),
(1577, 'MINUIT DOUBLE'),
(1284, 'NATHAN'),
(88, 'NIL'),
(761, 'NIL ÉDITIONS'),
(309, 'NRF'),
(346, 'ODILE JACOB'),
(990, 'ODILE JACOB POCHES'),
(31, 'OH EDITIONS'),
(467, 'OLIVIER ORBAN'),
(39, 'P.O.L'),
(37, 'PAN'),
(998, 'PAULSEN'),
(844, 'PAYOT'),
(1203, 'PERRIN'),
(1090, 'PERRIN/GRASSET'),
(56, 'PHÉBUS'),
(1445, 'PHILIPPE REY'),
(1714, 'PHILOSOPHIE MAGAZINE'),
(894, 'PLEIADES'),
(33, 'PLON'),
(1506, 'PLURIEL'),
(63, 'POCKET'),
(1004, 'POCKET JEUNES ADULTES'),
(1042, 'POCKETT'),
(1499, 'POCKETTE'),
(1392, 'POINT POILICIER'),
(49, 'POINTS'),
(689, 'POL'),
(1709, 'POLAR DU SUD-OUEST'),
(1467, 'PRESSE DE LA CITÉ'),
(358, 'PRESSE POCKET'),
(68, 'PRESSES DE LA CITÉ'),
(663, 'PRESSES DE LA RENAISSANCE'),
(1341, 'PRESSES POCKET'),
(236, 'PRISMA'),
(1067, 'PROCHE'),
(1554, 'PUF'),
(502, 'PYGMALION'),
(111, 'QUAI VOLTAIRE'),
(1055, 'QUI MAL Y PENSE'),
(495, 'RAMSAY'),
(690, 'RIVAGES'),
(135, 'RIVAGES THRILLER'),
(76, 'ROBERT LAFFONT'),
(64, 'SABINE WESPIESER'),
(314, 'SCIENCES'),
(428, 'SEGHERS'),
(54, 'SEUIL'),
(1136, 'SOLAR'),
(1304, 'SONATINE'),
(28, 'STOCK'),
(302, 'TALLANDIER'),
(298, 'TEMPUS'),
(1591, 'TEXTO'),
(978, 'TEXTUEL'),
(1694, 'TOTEM'),
(636, 'VERNAL/PHILIPPE LEBAUD'),
(114, 'VERTICALES'),
(842, 'VIRGULE'),
(168, 'VIVIANE HAMY'),
(165, 'XO ÉDITIONS'),
(1017, 'ZONES');

-- --------------------------------------------------------

--
-- Structure de la table `locations`
--

DROP TABLE IF EXISTS `locations`;
CREATE TABLE IF NOT EXISTS `locations` (
  `loc_id` int(11) NOT NULL AUTO_INCREMENT,
  `loc_city` varchar(45) COLLATE utf8mb4_unicode_ci NOT NULL,
  PRIMARY KEY (`loc_id`),
  UNIQUE KEY `IDX_LOCATIONS` (`loc_city`) USING BTREE
) ENGINE=InnoDB AUTO_INCREMENT=4 DEFAULT CHARSET=utf8mb4 COLLATE=utf8mb4_unicode_ci;

--
-- Déchargement des données de la table `locations`
--

INSERT INTO `locations` (`loc_id`, `loc_city`) VALUES
(3, 'Hossegor'),
(2, 'Pontault');

-- --------------------------------------------------------

--
-- Structure de la table `roles`
--

DROP TABLE IF EXISTS `roles`;
CREATE TABLE IF NOT EXISTS `roles` (
  `role_id` int(11) NOT NULL AUTO_INCREMENT,
  `role_name` varchar(64) COLLATE utf8mb4_unicode_ci NOT NULL,
  `role_level` int(11) NOT NULL,
  `role_description` varchar(255) COLLATE utf8mb4_unicode_ci DEFAULT NULL,
  PRIMARY KEY (`role_id`)
) ENGINE=InnoDB AUTO_INCREMENT=6 DEFAULT CHARSET=utf8mb4 COLLATE=utf8mb4_unicode_ci;

--
-- Déchargement des données de la table `roles`
--

INSERT INTO `roles` (`role_id`, `role_name`, `role_level`, `role_description`) VALUES
(1, 'ROLE_ADMINISTRATOR', 100, 'Agregates all admin roles'),
(2, 'ROLE_ADMIN', 90, 'Top level admin role, full privileges'),
(3, 'ROLE_ADMIN_SITE', 90, 'Top level admin role, full privileges'),
(4, 'ROLE_ADMIN_USERS', 80, 'Full privileges on user administration'),
(5, 'ROLE_ANONYMOUS', 10, 'Any user can access public features ');

-- --------------------------------------------------------

--
-- Structure de la table `sessions`
--

DROP TABLE IF EXISTS `sessions`;
CREATE TABLE IF NOT EXISTS `sessions` (
  `ses_id` int(11) NOT NULL AUTO_INCREMENT,
  `ses_userid` int(11) NOT NULL,
  `ses_created` datetime NOT NULL,
  `ses_expired` datetime NOT NULL,
  PRIMARY KEY (`ses_id`),
  KEY `IDX_USERID` (`ses_userid`)
) ENGINE=InnoDB AUTO_INCREMENT=107 DEFAULT CHARSET=utf8mb4 COLLATE=utf8mb4_unicode_ci;

--
-- Déchargement des données de la table `sessions`
--

INSERT INTO `sessions` (`ses_id`, `ses_userid`, `ses_created`, `ses_expired`) VALUES
(87, 3465, '2026-01-22 19:39:13', '2026-01-22 20:39:13'),
(88, 3465, '2026-01-22 19:42:39', '2026-01-22 20:42:39'),
(89, 3465, '2026-01-22 19:53:04', '2026-01-22 20:53:04'),
(90, 3465, '2026-01-22 20:00:51', '2026-01-22 21:00:51'),
(91, 3465, '2026-01-22 20:16:20', '2026-01-22 21:16:20'),
(92, 3465, '2026-01-23 11:40:06', '2026-01-23 12:40:06'),
(97, 3475, '2026-03-31 14:16:39', '2026-03-31 15:16:39'),
(100, 3475, '2026-04-01 11:33:20', '2026-04-01 12:33:20'),
(102, 3475, '2026-04-02 09:49:25', '2026-04-02 10:49:25'),
(103, 3475, '2026-04-02 11:23:49', '2026-04-02 12:23:49'),
(104, 3475, '2026-04-02 11:26:45', '2026-04-02 12:26:45'),
(106, 3475, '2026-04-02 11:28:35', '2026-04-02 12:28:35');

-- --------------------------------------------------------

--
-- Structure de la table `users`
--

DROP TABLE IF EXISTS `users`;
CREATE TABLE IF NOT EXISTS `users` (
  `usr_id` int(11) NOT NULL AUTO_INCREMENT,
  `usr_firstname` varchar(45) COLLATE utf8mb4_unicode_ci DEFAULT NULL,
  `usr_lastname` varchar(45) COLLATE utf8mb4_unicode_ci DEFAULT NULL,
  `usr_email` varchar(64) COLLATE utf8mb4_unicode_ci NOT NULL,
  `usr_address` varchar(255) COLLATE utf8mb4_unicode_ci DEFAULT NULL,
  `usr_password` varchar(128) COLLATE utf8mb4_unicode_ci NOT NULL,
  `usr_created` datetime NOT NULL,
  `usr_lastlogin` datetime DEFAULT NULL,
  `usr_confirmed` datetime DEFAULT NULL,
  PRIMARY KEY (`usr_id`),
  UNIQUE KEY `IDX_EMAIL` (`usr_email`)
) ENGINE=InnoDB AUTO_INCREMENT=3476 DEFAULT CHARSET=utf8mb4 COLLATE=utf8mb4_unicode_ci;

--
-- Déchargement des données de la table `users`
--

INSERT INTO `users` (`usr_id`, `usr_firstname`, `usr_lastname`, `usr_email`, `usr_address`, `usr_password`, `usr_created`, `usr_lastlogin`, `usr_confirmed`) VALUES
(3465, 'Yves', 'Toubhans', 'y@free.fr', NULL, '$2b$10$Epx0xqoPt.Sch433hQkwYeXZhcW.EX53vQIJYAawPSd9B.J5R.Awm', '2025-11-19 10:50:37', '2026-03-31 14:11:28', NULL),
(3469, 'Isabelle', 'Toubhans', 'isa@free.fr', NULL, '$2b$10$eVQqcqVbHmFwB9R4vkdI/ueS3Lzp3Wei9SoJvXDjwv50dX.sCNIYi', '2025-11-19 18:05:19', '2025-11-26 10:13:53', NULL),
(3471, 'Benjamin', 'TOUBHANS', 'tono@free.fr', NULL, '$2b$10$gw2TolHQm5dsmmb410jsNOyNsyIOxG9yqrZQo0DKqbI3PDHuFeKWW', '2025-12-16 18:28:26', '2025-12-16 18:28:52', NULL),
(3472, 'Benoit', 'Toubhans', 'bintoule@free.fr', NULL, '$2b$10$MwRS0t/U/0QkGrfVYA0Of.0KLgQp55Age4rmy5lxvULreVK5rKoC.', '2025-12-16 18:39:42', '2025-12-16 18:39:59', NULL),
(3473, 'Bastien', 'Toubhans', 'ratoon@free.fr', NULL, '$2b$10$tGLKUjIxgSaxKMMidsXJxeudWio.rOp7eVlocaYL4zeSyWwo6Zpg.', '2025-12-18 10:31:17', '2025-12-18 10:31:35', NULL),
(3474, 'Isabelle', 'Toubhans', 'baboule@free.fr', NULL, '$2b$10$yTNV9OFUAdgREqSzEnA85e9T8FCuy.RN.GhdVrHBrqcoT62NjyJSq', '2025-12-19 18:40:35', '2025-12-20 11:35:56', NULL),
(3475, 'Yves', 'Maverick', 'yves77340@gmail.com', NULL, '$2b$10$vIrdpJOJnR9MwqXTaPDhV.yjyZrM.TJqLYderXjHRPcD/CDQLv4mS', '2026-03-31 14:16:27', '2026-04-02 11:28:34', NULL);

-- --------------------------------------------------------

--
-- Structure de la table `users_roles`
--

DROP TABLE IF EXISTS `users_roles`;
CREATE TABLE IF NOT EXISTS `users_roles` (
  `ur_userid` int(11) NOT NULL,
  `ur_roleid` int(11) NOT NULL,
  PRIMARY KEY (`ur_userid`,`ur_roleid`),
  KEY `IDX_51498A8E67B3B43D` (`ur_userid`),
  KEY `FK_51498A8E38C751C4` (`ur_roleid`)
) ENGINE=InnoDB DEFAULT CHARSET=utf8mb4 COLLATE=utf8mb4_unicode_ci;

--
-- Déchargement des données de la table `users_roles`
--

INSERT INTO `users_roles` (`ur_userid`, `ur_roleid`) VALUES
(3465, 5),
(3469, 5),
(3471, 5),
(3472, 5),
(3473, 5),
(3474, 5),
(3475, 5);

--
-- Contraintes pour les tables déchargées
--

--
-- Contraintes pour la table `books`
--
ALTER TABLE `books`
  ADD CONSTRAINT `FK_AUTHOR` FOREIGN KEY (`bk_author`) REFERENCES `authors` (`auth_id`) ON DELETE CASCADE,
  ADD CONSTRAINT `FK_EDITOR` FOREIGN KEY (`bk_editor`) REFERENCES `editors` (`ed_id`) ON DELETE CASCADE,
  ADD CONSTRAINT `FK_LOCATION` FOREIGN KEY (`bk_location`) REFERENCES `locations` (`loc_id`) ON DELETE CASCADE;

--
-- Contraintes pour la table `sessions`
--
ALTER TABLE `sessions`
  ADD CONSTRAINT `FK_USER` FOREIGN KEY (`ses_userid`) REFERENCES `users` (`usr_id`) ON DELETE CASCADE;

--
-- Contraintes pour la table `users_roles`
--
ALTER TABLE `users_roles`
  ADD CONSTRAINT `FK_51498A8E38C751C4` FOREIGN KEY (`ur_roleid`) REFERENCES `roles` (`role_id`) ON DELETE CASCADE,
  ADD CONSTRAINT `FK_51498A8E67B3B43D` FOREIGN KEY (`ur_userid`) REFERENCES `users` (`usr_id`) ON DELETE CASCADE;
COMMIT;

/*!40101 SET CHARACTER_SET_CLIENT=@OLD_CHARACTER_SET_CLIENT */;
/*!40101 SET CHARACTER_SET_RESULTS=@OLD_CHARACTER_SET_RESULTS */;
/*!40101 SET COLLATION_CONNECTION=@OLD_COLLATION_CONNECTION */;
